-- MySQL dump 10.13  Distrib 8.0.19, for osx10.15 (x86_64)
--
-- Host: localhost    Database: vk
-- ------------------------------------------------------
-- Server version	8.0.19

/*!40101 SET @OLD_CHARACTER_SET_CLIENT=@@CHARACTER_SET_CLIENT */;
/*!40101 SET @OLD_CHARACTER_SET_RESULTS=@@CHARACTER_SET_RESULTS */;
/*!40101 SET @OLD_COLLATION_CONNECTION=@@COLLATION_CONNECTION */;
/*!50503 SET NAMES utf8mb4 */;
/*!40103 SET @OLD_TIME_ZONE=@@TIME_ZONE */;
/*!40103 SET TIME_ZONE='+00:00' */;
/*!40014 SET @OLD_UNIQUE_CHECKS=@@UNIQUE_CHECKS, UNIQUE_CHECKS=0 */;
/*!40014 SET @OLD_FOREIGN_KEY_CHECKS=@@FOREIGN_KEY_CHECKS, FOREIGN_KEY_CHECKS=0 */;
/*!40101 SET @OLD_SQL_MODE=@@SQL_MODE, SQL_MODE='NO_AUTO_VALUE_ON_ZERO' */;
/*!40111 SET @OLD_SQL_NOTES=@@SQL_NOTES, SQL_NOTES=0 */;

--
-- Table structure for table `communities`
--

DROP TABLE IF EXISTS `communities`;
/*!40101 SET @saved_cs_client     = @@character_set_client */;
/*!50503 SET character_set_client = utf8mb4 */;
CREATE TABLE `communities` (
  `id` int unsigned NOT NULL AUTO_INCREMENT,
  `name` varchar(150) CHARACTER SET utf8 COLLATE utf8_unicode_ci NOT NULL,
  PRIMARY KEY (`id`),
  UNIQUE KEY `name` (`name`)
) ENGINE=InnoDB AUTO_INCREMENT=101 DEFAULT CHARSET=utf8 COLLATE=utf8_unicode_ci;
/*!40101 SET character_set_client = @saved_cs_client */;

--
-- Dumping data for table `communities`
--

LOCK TABLES `communities` WRITE;
/*!40000 ALTER TABLE `communities` DISABLE KEYS */;
INSERT INTO `communities` VALUES (15,'accusamus'),(18,'assumenda'),(16,'aut'),(2,'commodi'),(5,'cupiditate'),(7,'dolorem'),(12,'ea'),(1,'et'),(19,'harum'),(4,'hic'),(6,'iusto'),(13,'magni'),(3,'maiores'),(9,'praesentium'),(14,'qui'),(10,'sequi'),(20,'tempora'),(11,'tenetur'),(8,'totam'),(17,'voluptas');
/*!40000 ALTER TABLE `communities` ENABLE KEYS */;
UNLOCK TABLES;

--
-- Table structure for table `communities_users`
--

DROP TABLE IF EXISTS `communities_users`;
/*!40101 SET @saved_cs_client     = @@character_set_client */;
/*!50503 SET character_set_client = utf8mb4 */;
CREATE TABLE `communities_users` (
  `community_id` int unsigned NOT NULL,
  `user_id` int unsigned NOT NULL,
  PRIMARY KEY (`community_id`,`user_id`)
) ENGINE=InnoDB DEFAULT CHARSET=utf8 COLLATE=utf8_unicode_ci;
/*!40101 SET character_set_client = @saved_cs_client */;

--
-- Dumping data for table `communities_users`
--

LOCK TABLES `communities_users` WRITE;
/*!40000 ALTER TABLE `communities_users` DISABLE KEYS */;
INSERT INTO `communities_users` VALUES (1,117),(1,182),(2,19),(2,37),(2,100),(2,103),(2,131),(2,195),(3,22),(3,26),(3,48),(3,69),(3,103),(3,109),(3,126),(3,145),(3,162),(3,190),(4,11),(4,21),(4,40),(4,96),(4,114),(4,127),(4,140),(4,193),(5,26),(5,29),(5,49),(5,88),(5,169),(6,40),(6,49),(6,118),(6,155),(7,5),(7,19),(7,79),(7,108),(7,113),(7,114),(7,142),(8,81),(8,92),(8,123),(8,127),(8,137),(8,172),(8,176),(9,42),(9,60),(9,91),(9,141),(9,174),(10,67),(10,73),(10,75),(10,102),(10,115),(10,141),(10,148),(11,4),(11,66),(11,82),(11,157),(11,187),(12,77),(12,114),(12,193),(13,42),(13,91),(14,135),(15,25),(15,51),(15,110),(15,114),(15,137),(15,196),(16,3),(16,150),(16,170),(17,54),(17,67),(17,77),(18,6),(18,45),(18,109),(18,124),(18,126),(18,133),(19,25),(19,49),(19,61),(19,154),(20,73),(20,80),(20,91),(20,120),(20,153),(20,189);
/*!40000 ALTER TABLE `communities_users` ENABLE KEYS */;
UNLOCK TABLES;

--
-- Table structure for table `friendship`
--

DROP TABLE IF EXISTS `friendship`;
/*!40101 SET @saved_cs_client     = @@character_set_client */;
/*!50503 SET character_set_client = utf8mb4 */;
CREATE TABLE `friendship` (
  `user_id` int unsigned NOT NULL,
  `friend_id` int unsigned NOT NULL,
  `status_id` int unsigned NOT NULL,
  `requested_at` datetime DEFAULT CURRENT_TIMESTAMP,
  `confirmed_at` datetime DEFAULT NULL,
  PRIMARY KEY (`user_id`,`friend_id`)
) ENGINE=InnoDB DEFAULT CHARSET=utf8 COLLATE=utf8_unicode_ci;
/*!40101 SET character_set_client = @saved_cs_client */;

--
-- Dumping data for table `friendship`
--

LOCK TABLES `friendship` WRITE;
/*!40000 ALTER TABLE `friendship` DISABLE KEYS */;
INSERT INTO `friendship` VALUES (1,37,1,'2010-01-13 22:17:36','2011-03-20 19:57:37'),(2,51,3,'1985-01-15 04:18:50','2004-07-11 23:36:18'),(4,60,2,'2020-02-13 22:57:48','1995-07-22 09:02:46'),(4,199,2,'1998-03-31 18:36:36','1997-10-25 13:44:49'),(6,1,3,'1983-03-11 10:38:14','2015-06-15 20:36:38'),(7,43,1,'2009-01-15 22:33:16','2011-07-19 13:39:52'),(11,59,1,'2015-12-19 23:17:50','2014-05-20 20:35:49'),(12,99,2,'1996-12-22 05:39:10','1979-03-23 11:14:17'),(12,108,3,'2001-02-25 05:35:36','1986-07-31 11:33:20'),(16,131,2,'1993-11-09 16:38:07','1992-09-13 20:29:21'),(16,200,3,'2008-12-25 16:29:38','1993-05-10 21:18:03'),(26,69,1,'2008-11-10 05:07:17','2015-12-17 21:59:17'),(33,44,2,'2012-02-17 08:19:34','1984-06-07 01:49:46'),(33,92,1,'2009-12-31 15:32:48','1982-09-28 14:59:44'),(36,143,2,'1982-03-11 23:59:29','1990-03-12 23:56:28'),(36,158,3,'2014-12-20 00:53:38','2019-01-25 19:20:44'),(37,123,2,'1978-06-23 11:11:35','1976-09-10 20:07:09'),(39,33,1,'1977-11-10 08:40:32','1997-04-25 17:16:11'),(39,162,3,'1995-02-06 13:31:43','1991-02-18 08:03:30'),(40,27,1,'1988-02-15 01:18:49','1987-01-15 05:48:01'),(46,129,1,'1989-04-12 03:49:23','1981-03-09 09:07:37'),(48,130,1,'1994-06-10 09:57:49','1991-09-16 00:10:11'),(50,78,1,'1981-09-29 15:56:36','2003-10-21 15:00:22'),(51,102,1,'1999-02-08 10:23:36','1980-10-09 11:27:11'),(51,157,3,'2009-06-21 23:46:07','2017-11-08 03:33:22'),(53,46,3,'1986-04-28 03:21:33','1971-05-10 05:26:33'),(55,7,2,'2008-11-27 03:28:19','1984-01-18 19:18:38'),(56,14,1,'2009-01-23 21:53:31','2013-10-01 18:08:44'),(57,108,3,'2005-11-03 06:10:50','2007-01-03 15:00:51'),(57,188,2,'1997-10-11 11:54:25','2013-08-24 03:21:28'),(58,95,1,'1984-09-17 21:29:08','2014-12-24 20:54:20'),(59,165,2,'1998-02-20 03:54:02','1982-02-04 04:32:15'),(60,34,3,'1984-03-28 07:37:39','1979-09-24 10:01:05'),(60,124,3,'1985-10-03 15:58:16','2010-07-08 07:43:04'),(66,112,2,'1973-12-05 17:38:30','2014-07-24 17:13:28'),(66,131,3,'2017-06-07 03:59:54','1989-10-18 04:52:17'),(69,71,3,'1985-01-16 02:12:28','2003-10-08 01:32:50'),(69,181,2,'2007-06-30 00:45:57','1970-02-03 03:12:12'),(70,139,1,'1986-10-11 20:33:37','2002-12-20 22:13:31'),(71,18,3,'2015-03-21 10:10:38','1979-04-17 03:18:06'),(72,181,1,'2012-01-02 13:35:35','2018-03-09 06:56:10'),(73,114,1,'1972-11-03 09:22:04','2016-11-06 05:34:45'),(73,146,2,'2019-12-14 18:33:53','1992-04-29 08:29:52'),(74,139,2,'2005-12-10 14:29:32','1997-07-24 04:23:10'),(79,124,1,'2009-06-01 03:11:36','1981-12-31 00:34:41'),(82,191,1,'1977-10-18 17:30:50','2005-02-18 12:49:38'),(86,52,1,'1994-10-13 16:36:13','2003-08-09 22:49:18'),(86,54,2,'2010-01-14 13:10:11','1981-10-10 04:47:31'),(88,20,1,'1994-06-02 07:45:10','2014-05-25 17:23:55'),(89,103,3,'1970-11-10 19:52:54','2007-09-08 16:51:08'),(90,167,2,'1974-04-26 13:10:55','1971-05-06 15:15:17'),(94,95,2,'2019-10-14 18:42:25','2014-08-29 17:42:36'),(98,146,3,'1993-07-11 05:47:14','1994-07-22 23:28:43'),(99,12,1,'1970-12-23 11:26:29','1973-01-23 03:40:47'),(100,177,2,'1975-07-07 16:26:32','1980-07-19 09:00:10'),(104,78,1,'1987-09-12 15:47:55','1981-12-27 02:39:39'),(104,129,2,'2007-02-16 06:47:36','1982-11-08 17:30:09'),(104,185,2,'1998-04-25 00:31:52','1991-07-27 15:27:22'),(105,154,3,'1985-03-09 23:18:18','1973-01-19 21:48:51'),(106,44,3,'1982-06-15 13:36:30','2004-10-29 11:59:23'),(106,157,3,'2018-02-17 14:09:37','1982-06-01 17:31:43'),(109,157,3,'1973-01-06 03:33:02','2019-02-06 11:31:26'),(109,186,1,'1976-05-21 19:49:20','2017-02-19 14:00:39'),(112,121,3,'1985-09-07 22:24:01','1974-10-14 23:21:42'),(116,23,2,'1997-11-28 03:51:54','2011-06-05 20:25:23'),(118,53,1,'2019-01-04 17:53:27','2006-05-03 15:09:55'),(121,74,1,'1978-09-30 06:30:17','1987-07-02 17:38:12'),(122,95,1,'2013-08-12 10:06:01','1998-03-23 10:05:13'),(125,126,3,'2004-05-14 17:47:45','1970-01-03 23:12:53'),(135,86,2,'1990-07-29 07:20:53','1980-11-08 11:37:40'),(145,57,2,'1975-11-09 16:35:58','2005-12-26 10:59:26'),(148,139,3,'2019-12-15 19:27:22','1998-11-23 12:32:54'),(149,132,2,'1998-10-16 10:42:05','2010-05-19 03:17:54'),(150,6,3,'2002-10-02 17:43:29','1996-12-10 22:27:50'),(154,66,2,'2001-09-17 16:05:24','2003-04-29 23:12:49'),(158,55,2,'2005-01-11 15:38:17','1983-05-02 12:08:39'),(160,119,1,'2007-01-24 07:28:26','1995-11-21 00:11:15'),(162,109,1,'1985-01-13 03:38:50','1980-08-23 01:52:37'),(163,136,2,'1973-01-24 09:03:57','2011-04-12 08:20:28'),(163,178,3,'2015-04-07 12:42:32','1985-09-13 03:10:48'),(166,106,3,'2008-10-23 09:58:02','1981-09-30 20:11:07'),(167,165,3,'1997-11-27 19:53:05','2012-05-03 16:05:47'),(167,188,1,'1996-02-28 13:17:47','1970-05-05 02:57:38'),(168,75,1,'1976-01-08 02:37:06','1970-04-08 19:31:31'),(178,74,1,'1977-09-15 00:32:38','2012-09-24 13:49:39'),(179,125,3,'2010-01-08 01:50:57','1970-09-14 22:28:33'),(180,106,3,'2013-05-14 14:01:16','2005-04-16 19:29:09'),(184,7,2,'2013-12-21 04:58:29','2007-04-10 19:30:15'),(184,189,3,'2004-07-05 11:04:39','1998-02-20 02:43:19'),(186,31,3,'1970-05-10 11:45:53','1998-02-16 04:21:47'),(186,126,2,'1980-08-17 16:37:46','2017-08-20 14:23:37'),(187,116,2,'1980-03-16 01:18:12','1992-11-24 06:05:02'),(188,22,3,'1996-12-14 03:03:36','1999-05-17 21:44:01'),(191,27,3,'1998-07-03 19:38:55','1979-08-02 17:10:01'),(191,148,1,'2009-09-04 22:25:52','2004-12-26 10:18:21'),(192,179,1,'1971-01-16 17:51:06','2005-07-08 17:13:12'),(192,194,2,'2004-10-07 06:07:08','1977-09-26 21:30:59'),(193,73,1,'1979-05-12 09:52:27','2004-07-24 10:58:08'),(195,89,3,'1997-09-04 19:03:21','2017-06-17 11:23:10'),(198,58,1,'1993-12-24 04:28:43','2019-03-31 21:17:00');
/*!40000 ALTER TABLE `friendship` ENABLE KEYS */;
UNLOCK TABLES;

--
-- Table structure for table `friendship_statuses`
--

DROP TABLE IF EXISTS `friendship_statuses`;
/*!40101 SET @saved_cs_client     = @@character_set_client */;
/*!50503 SET character_set_client = utf8mb4 */;
CREATE TABLE `friendship_statuses` (
  `id` int unsigned NOT NULL AUTO_INCREMENT,
  `name` varchar(150) CHARACTER SET utf8 COLLATE utf8_unicode_ci NOT NULL,
  PRIMARY KEY (`id`),
  UNIQUE KEY `name` (`name`)
) ENGINE=InnoDB AUTO_INCREMENT=4 DEFAULT CHARSET=utf8 COLLATE=utf8_unicode_ci;
/*!40101 SET character_set_client = @saved_cs_client */;

--
-- Dumping data for table `friendship_statuses`
--

LOCK TABLES `friendship_statuses` WRITE;
/*!40000 ALTER TABLE `friendship_statuses` DISABLE KEYS */;
INSERT INTO `friendship_statuses` VALUES (2,'Confermed'),(3,'Rejected'),(1,'Requested');
/*!40000 ALTER TABLE `friendship_statuses` ENABLE KEYS */;
UNLOCK TABLES;

--
-- Table structure for table `media`
--

DROP TABLE IF EXISTS `media`;
/*!40101 SET @saved_cs_client     = @@character_set_client */;
/*!50503 SET character_set_client = utf8mb4 */;
CREATE TABLE `media` (
  `id` int unsigned NOT NULL AUTO_INCREMENT,
  `media_type_id` int unsigned NOT NULL,
  `user_id` int unsigned NOT NULL,
  `filename` varchar(255) CHARACTER SET utf8 COLLATE utf8_unicode_ci NOT NULL,
  `size` int NOT NULL,
  `metadata` json DEFAULT NULL,
  `created_at` datetime DEFAULT CURRENT_TIMESTAMP,
  `updated_at` datetime DEFAULT CURRENT_TIMESTAMP ON UPDATE CURRENT_TIMESTAMP,
  PRIMARY KEY (`id`)
) ENGINE=InnoDB AUTO_INCREMENT=101 DEFAULT CHARSET=utf8 COLLATE=utf8_unicode_ci;
/*!40101 SET character_set_client = @saved_cs_client */;

--
-- Dumping data for table `media`
--

LOCK TABLES `media` WRITE;
/*!40000 ALTER TABLE `media` DISABLE KEYS */;
INSERT INTO `media` VALUES (1,2,8,'https://dropbox.com/vk/voluptatem.jpeg',19353,'{\"owner\": \"SalvatoreFunk\"}','1976-05-07 03:15:25','2020-04-26 08:44:48'),(2,3,8,'https://dropbox.com/vk/eum.avi',719100,'{\"owner\": \"SalvatoreFunk\"}','1997-09-12 02:06:13','2020-04-26 08:44:49'),(3,3,16,'https://dropbox.com/vk/tenetur.jpeg',12630,'{\"owner\": \"DaphneeWelch\"}','1987-03-29 17:47:39','2020-04-26 08:44:49'),(4,2,57,'https://dropbox.com/vk/et.gif',15091,'{\"owner\": \"EzekielKassulke\"}','1985-04-27 08:26:33','2020-04-26 08:44:49'),(5,3,34,'https://dropbox.com/vk/voluptas.gif',325535,'{\"owner\": \"DangeloLeuschke\"}','1976-09-24 04:58:25','2020-04-26 08:44:49'),(6,1,2,'https://dropbox.com/vk/id.avi',17566,'{\"owner\": \"KaitlinCarroll\"}','2003-10-25 23:07:18','2020-04-26 08:44:49'),(7,3,4,'https://dropbox.com/vk/vel.avi',12559,'{\"owner\": \"NikolasMayer\"}','2009-04-23 23:37:20','2020-04-26 08:44:49'),(8,3,15,'https://dropbox.com/vk/quidem.jpeg',347523,'{\"owner\": \"KaileeKrajcik\"}','1986-09-18 00:07:16','2020-04-26 08:44:49'),(9,1,61,'https://dropbox.com/vk/sed.jpeg',56770,'{\"owner\": \"AnthonyMurphy\"}','2019-05-27 18:24:20','2020-04-26 08:44:49'),(10,1,58,'https://dropbox.com/vk/qua.jpeg',10098,'{\"owner\": \"JodyOrn\"}','1972-12-17 05:24:48','2020-04-26 08:44:49'),(11,2,10,'https://dropbox.com/vk/at.gif',12811,'{\"owner\": \"FernandoBeer\"}','2018-12-03 05:54:09','2020-04-26 08:49:46'),(12,1,73,'https://dropbox.com/vk/rem.gif',76837,'{\"owner\": \"LavadaKassulke\"}','1980-08-07 17:11:50','2020-04-26 08:49:46'),(13,1,36,'https://dropbox.com/vk/eos.gif',13762,'{\"owner\": \"DelphiaFranecki\"}','1987-12-01 23:39:50','2020-04-26 08:49:46'),(14,2,61,'https://dropbox.com/vk/illo.jpeg',15059,'{\"owner\": \"AnthonyMurphy\"}','1971-11-21 04:16:54','2020-04-26 08:49:46'),(15,2,97,'https://dropbox.com/vk/minus.jpeg',10377,'{\"owner\": \"AlainaWolff\"}','1973-05-19 12:23:35','2020-04-26 08:49:47'),(16,3,3,'https://dropbox.com/vk/commodi.gif',10598,'{\"owner\": \"MelbaAnkunding\"}','1973-05-18 12:34:01','2020-04-26 08:49:47'),(17,2,21,'https://dropbox.com/vk/minus.jpeg',5763411,'{\"owner\": \"EthaFlatley\"}','1994-09-01 15:57:54','2020-04-26 08:49:47'),(18,1,96,'https://dropbox.com/vk/impedit.avi',731922852,'{\"owner\": \"SisterKunze\"}','1988-07-22 05:53:01','2020-04-26 08:49:47'),(19,3,17,'https://dropbox.com/vk/pariatur.jpeg',11861,'{\"owner\": \"JoyceCassin\"}','1983-12-09 19:41:54','2020-04-26 08:49:47'),(20,2,97,'https://dropbox.com/vk/labore.jpeg',7668566,'{\"owner\": \"AlainaWolff\"}','2013-04-22 12:02:27','2020-04-26 08:49:47'),(21,3,32,'https://dropbox.com/vk/esse.jpeg',22342,'{\"owner\": \"CamrynLarkin\"}','2008-05-23 12:03:59','2020-04-26 08:49:47'),(22,2,68,'https://dropbox.com/vk/nostrum.avi',84264296,'{\"owner\": \"NatashaRau\"}','1976-01-13 16:45:31','2020-04-26 08:49:47'),(23,3,43,'https://dropbox.com/vk/quo.gif',49831668,'{\"owner\": \"DeliaLakin\"}','2006-07-15 14:32:16','2020-04-26 08:49:47'),(24,3,14,'https://dropbox.com/vk/inventore.gif',17514,'{\"owner\": \"LempiBode\"}','2012-02-27 16:55:44','2020-04-26 08:49:47'),(25,2,37,'https://dropbox.com/vk/quas.gif',11984,'{\"owner\": \"AlexisPredovic\"}','1983-06-19 17:04:52','2020-04-26 08:49:47'),(26,2,43,'https://dropbox.com/vk/et.avi',557048,'{\"owner\": \"DeliaLakin\"}','2020-04-03 17:28:37','2020-04-26 08:49:47'),(27,2,3,'https://dropbox.com/vk/praesentium.avi',349613,'{\"owner\": \"MelbaAnkunding\"}','1991-07-09 11:48:14','2020-04-26 08:49:47'),(28,3,88,'https://dropbox.com/vk/dolores.jpeg',16346,'{\"owner\": \"GisselleMcLaughlin\"}','2007-05-14 10:09:30','2020-04-26 08:49:47'),(29,1,28,'https://dropbox.com/vk/asperiores.jpeg',229179,'{\"owner\": \"BlancheLueilwitz\"}','1986-03-05 09:29:39','2020-04-26 08:49:47'),(30,2,76,'https://dropbox.com/vk/labore.jpeg',17379,'{\"owner\": \"KaseyStehr\"}','1979-12-27 18:13:51','2020-04-26 08:49:47'),(31,1,95,'https://dropbox.com/vk/officiis.avi',10944,'{\"owner\": \"AldaMann\"}','1972-02-04 01:08:41','2020-04-26 08:49:47'),(32,2,48,'https://dropbox.com/vk/reiciendis.gif',1847992,'{\"owner\": \"ClarkDavis\"}','2006-09-15 23:07:19','2020-04-26 08:49:47'),(33,1,53,'https://dropbox.com/vk/voluptas.jpeg',12585,'{\"owner\": \"MyrtieRuecker\"}','1994-03-08 01:39:04','2020-04-26 08:49:47'),(34,1,22,'https://dropbox.com/vk/dolores.avi',930628861,'{\"owner\": \"ClarabelleWyman\"}','1976-01-14 16:39:47','2020-04-26 08:49:47'),(35,1,48,'https://dropbox.com/vk/aliquid.gif',44534774,'{\"owner\": \"ClarkDavis\"}','1984-04-03 05:44:12','2020-04-26 08:49:47'),(36,3,76,'https://dropbox.com/vk/dolor.avi',10091,'{\"owner\": \"KaseyStehr\"}','2005-01-19 02:34:51','2020-04-26 08:49:47'),(37,3,35,'https://dropbox.com/vk/quae.gif',3441818,'{\"owner\": \"LeonErnser\"}','2007-11-25 13:32:22','2020-04-26 08:49:47'),(38,3,46,'https://dropbox.com/vk/ipsa.avi',636777029,'{\"owner\": \"LudwigBailey\"}','1976-11-18 12:54:14','2020-04-26 08:49:47'),(39,3,23,'https://dropbox.com/vk/sed.gif',12703,'{\"owner\": \"AvisPaucek\"}','1997-04-07 11:06:06','2020-04-26 08:49:47'),(40,3,77,'https://dropbox.com/vk/alias.gif',20257,'{\"owner\": \"SimVeum\"}','2017-05-13 19:07:30','2020-04-26 08:49:47'),(41,1,14,'https://dropbox.com/vk/ullam.avi',67635780,'{\"owner\": \"LempiBode\"}','1991-07-20 20:22:02','2020-04-26 08:49:47'),(42,3,41,'https://dropbox.com/vk/et.avi',2366818,'{\"owner\": \"JustynKemmer\"}','1995-01-31 04:14:39','2020-04-26 08:49:47'),(43,3,62,'https://dropbox.com/vk/omnis.avi',933176129,'{\"owner\": \"KrystinaDurgan\"}','1992-07-12 13:13:12','2020-04-26 08:49:47'),(44,3,86,'https://dropbox.com/vk/provident.avi',13243,'{\"owner\": \"ForestDaugherty\"}','1980-11-25 11:30:31','2020-04-26 08:49:47'),(45,3,43,'https://dropbox.com/vk/fugiat.avi',18106,'{\"owner\": \"DeliaLakin\"}','1983-02-08 12:20:16','2020-04-26 08:49:47'),(46,3,59,'https://dropbox.com/vk/nulla.avi',10802,'{\"owner\": \"BerthaO\'Keefe\"}','1992-05-06 06:31:47','2020-04-26 08:51:05'),(47,3,64,'https://dropbox.com/vk/vel.avi',75758690,'{\"owner\": \"BusterGoodwin\"}','1993-10-14 06:14:53','2020-04-26 08:51:05'),(48,1,41,'https://dropbox.com/vk/reprehenderit.avi',39584258,'{\"owner\": \"JustynKemmer\"}','2016-06-06 17:06:59','2020-04-26 08:51:05'),(49,3,12,'https://dropbox.com/vk/maxime.gif',498567467,'{\"owner\": \"DamianKerluke\"}','2018-11-24 03:40:11','2020-04-26 08:51:05'),(50,3,37,'https://dropbox.com/vk/earum.gif',2149625,'{\"owner\": \"AlexisPredovic\"}','1972-04-09 01:24:26','2020-04-26 08:51:05'),(51,3,49,'https://dropbox.com/vk/eos.gif',8001545,'{\"owner\": \"FurmanBeier\"}','2019-12-27 05:28:21','2020-04-26 08:51:05'),(52,1,32,'https://dropbox.com/vk/deleniti.avi',6479727,'{\"owner\": \"CamrynLarkin\"}','1982-05-01 10:56:35','2020-04-26 08:51:05'),(53,2,13,'https://dropbox.com/vk/hic.gif',19691,'{\"owner\": \"AlexandrineKohler\"}','2008-12-05 03:04:22','2020-04-26 08:51:05'),(54,1,67,'https://dropbox.com/vk/tempora.gif',91127744,'{\"owner\": \"AbigailWuckert\"}','1990-11-04 23:16:39','2020-04-26 08:51:05'),(55,3,96,'https://dropbox.com/vk/dolore.gif',16050,'{\"owner\": \"SisterKunze\"}','2005-10-25 11:25:35','2020-04-26 08:53:39'),(56,1,81,'https://dropbox.com/vk/ipsum.avi',11178,'{\"owner\": \"CletusBecker\"}','2003-05-29 03:07:23','2020-04-26 08:53:39'),(57,1,14,'https://dropbox.com/vk/iste.avi',257475,'{\"owner\": \"LempiBode\"}','1985-06-12 08:01:51','2020-04-26 08:53:39'),(58,1,29,'https://dropbox.com/vk/ut.avi',13484,'{\"owner\": \"PhyllisSwaniawski\"}','1976-11-03 20:20:38','2020-04-26 08:53:39'),(59,1,3,'https://dropbox.com/vk/ipsam.jpeg',7823,'{\"owner\": \"MelbaAnkunding\"}','1972-08-15 08:31:10','2020-04-26 08:53:39'),(60,1,24,'https://dropbox.com/vk/porro.jpeg',17742,'{\"owner\": \"DamonThiel\"}','1976-05-11 03:44:56','2020-04-26 08:53:39'),(61,1,13,'https://dropbox.com/vk/rerum.gif',53021408,'{\"owner\": \"AlexandrineKohler\"}','2013-08-18 18:18:09','2020-04-26 08:53:39'),(62,3,92,'https://dropbox.com/vk/in.gif',267055,'{\"owner\": \"CasimirRitchie\"}','2018-05-10 13:55:50','2020-04-26 08:53:39'),(63,3,18,'https://dropbox.com/vk/tempora.avi',26487,'{\"owner\": \"AngelaLabadie\"}','1974-01-28 03:04:40','2020-04-26 08:53:39'),(64,3,17,'https://dropbox.com/vk/neque.gif',51242,'{\"owner\": \"JoyceCassin\"}','1971-04-22 12:40:54','2020-04-26 08:53:39'),(65,1,28,'https://dropbox.com/vk/consequuntur.avi',15174,'{\"owner\": \"BlancheLueilwitz\"}','1997-04-21 08:24:01','2020-04-26 08:53:39'),(66,2,88,'https://dropbox.com/vk/nostrum.jpeg',12645,'{\"owner\": \"GisselleMcLaughlin\"}','2018-09-23 03:20:18','2020-04-26 08:53:39'),(67,3,55,'https://dropbox.com/vk/aut.avi',17748,'{\"owner\": \"MonserratAbbott\"}','1970-05-29 21:34:38','2020-04-26 08:53:39'),(68,1,11,'https://dropbox.com/vk/illo.avi',718723282,'{\"owner\": \"AlfredoShanahan\"}','1974-01-04 09:45:57','2020-04-26 08:53:39'),(69,1,92,'https://dropbox.com/vk/nemo.jpeg',301099587,'{\"owner\": \"CasimirRitchie\"}','1983-10-23 19:35:55','2020-04-26 08:53:39'),(70,1,23,'https://dropbox.com/vk/voluptate.jpeg',5627,'{\"owner\": \"AvisPaucek\"}','2008-06-08 11:14:47','2020-04-26 08:53:39'),(71,1,41,'https://dropbox.com/vk/quibusdam.jpeg',17703,'{\"owner\": \"JustynKemmer\"}','1999-11-26 19:11:16','2020-04-26 08:53:39'),(72,3,36,'https://dropbox.com/vk/praesentium.avi',658250175,'{\"owner\": \"DelphiaFranecki\"}','1986-10-13 15:29:12','2020-04-26 08:53:39'),(73,2,54,'https://dropbox.com/vk/dolore.jpeg',10580,'{\"owner\": \"VellaRunte\"}','2017-08-03 06:31:32','2020-04-26 08:55:54'),(74,1,61,'https://dropbox.com/vk/iure.gif',19790,'{\"owner\": \"AnthonyMurphy\"}','1972-07-08 16:17:15','2020-04-26 08:55:54'),(75,3,43,'https://dropbox.com/vk/non.gif',17214,'{\"owner\": \"DeliaLakin\"}','1999-06-30 22:30:23','2020-04-26 08:55:54'),(76,2,30,'https://dropbox.com/vk/ab.gif',252079,'{\"owner\": \"FreemanMcKenzie\"}','1998-12-08 16:48:11','2020-04-26 08:55:54'),(77,2,24,'https://dropbox.com/vk/sint.jpeg',9534580,'{\"owner\": \"DamonThiel\"}','1986-07-05 03:30:44','2020-04-26 08:55:54'),(78,2,28,'https://dropbox.com/vk/sed.avi',16697,'{\"owner\": \"BlancheLueilwitz\"}','2011-07-04 02:39:18','2020-04-26 08:55:54'),(79,3,66,'https://dropbox.com/vk/adipisci.avi',140863908,'{\"owner\": \"LelahHane\"}','1973-08-22 04:08:11','2020-04-26 08:55:54'),(80,2,46,'https://dropbox.com/vk/mollitia.jpeg',11845,'{\"owner\": \"LudwigBailey\"}','2003-05-04 12:56:28','2020-04-26 08:55:54'),(81,1,33,'https://dropbox.com/vk/quidem.gif',81349266,'{\"owner\": \"NigelFrami\"}','1972-04-12 18:42:08','2020-04-26 08:55:54'),(82,1,25,'https://dropbox.com/vk/similique.jpeg',19134,'{\"owner\": \"GranvilleFerry\"}','1995-01-23 15:47:10','2020-04-26 08:55:54'),(83,3,24,'https://dropbox.com/vk/voluptas.avi',10137,'{\"owner\": \"DamonThiel\"}','1978-01-02 16:50:51','2020-04-26 08:55:54'),(84,2,46,'https://dropbox.com/vk/sapiente.gif',744493825,'{\"owner\": \"LudwigBailey\"}','1993-11-22 19:34:00','2020-04-26 08:55:54'),(85,2,58,'https://dropbox.com/vk/adipisci.avi',55823,'{\"owner\": \"JodyOrn\"}','1973-07-31 12:13:20','2020-04-26 08:55:54'),(86,1,50,'https://dropbox.com/vk/pariatur.jpeg',12922867,'{\"owner\": \"ShyanneVeum\"}','1980-07-25 13:31:09','2020-04-26 08:55:54'),(87,3,76,'https://dropbox.com/vk/est.jpeg',872268717,'{\"owner\": \"KaseyStehr\"}','1997-03-07 22:54:22','2020-04-26 08:55:54'),(88,1,28,'https://dropbox.com/vk/architecto.avi',690376057,'{\"owner\": \"BlancheLueilwitz\"}','1988-12-01 17:52:34','2020-04-26 08:55:54'),(89,1,14,'https://dropbox.com/vk/laudantium.jpeg',13283,'{\"owner\": \"LempiBode\"}','2002-07-24 03:33:24','2020-04-26 08:55:54'),(90,3,82,'https://dropbox.com/vk/nihil.jpeg',16005,'{\"owner\": \"GabrielleBeatty\"}','1971-06-28 10:27:44','2020-04-26 08:55:54'),(91,2,71,'https://dropbox.com/vk/et.avi',10176,'{\"owner\": \"RosieKutch\"}','1986-11-15 11:04:00','2020-04-26 08:57:41'),(92,2,8,'https://dropbox.com/vk/qui.jpeg',12864,'{\"owner\": \"SalvatoreFunk\"}','1992-05-19 02:38:21','2020-04-26 08:57:41'),(93,1,28,'https://dropbox.com/vk/architecto.gif',454363077,'{\"owner\": \"BlancheLueilwitz\"}','1975-06-14 20:20:36','2020-04-26 08:57:41'),(94,2,13,'https://dropbox.com/vk/eveniet.gif',2875785,'{\"owner\": \"AlexandrineKohler\"}','1985-10-08 12:45:54','2020-04-26 08:57:41'),(95,2,79,'https://dropbox.com/vk/possimus.gif',13792,'{\"owner\": \"AylinDeckow\"}','2015-10-16 18:04:02','2020-04-26 08:57:41'),(96,1,58,'https://dropbox.com/vk/nesciunt.gif',10369,'{\"owner\": \"JodyOrn\"}','1977-02-28 18:16:42','2020-04-26 08:57:41'),(97,3,52,'https://dropbox.com/vk/quidem.jpeg',7812,'{\"owner\": \"CletaCummerata\"}','2001-07-22 23:47:28','2020-04-26 08:57:41'),(98,2,87,'https://dropbox.com/vk/quia.jpeg',10470,'{\"owner\": \"GermanChamplin\"}','1988-01-30 04:55:39','2020-04-26 08:57:41'),(99,1,78,'https://dropbox.com/vk/animi.jpeg',883918,'{\"owner\": \"AbbyStokes\"}','2015-08-19 03:13:37','2020-04-26 08:57:41'),(100,3,30,'https://dropbox.com/vk/ut.gif',840407,'{\"owner\": \"FreemanMcKenzie\"}','1990-11-20 11:16:09','2020-04-26 08:57:41');
/*!40000 ALTER TABLE `media` ENABLE KEYS */;
UNLOCK TABLES;

--
-- Table structure for table `media_types`
--

DROP TABLE IF EXISTS `media_types`;
/*!40101 SET @saved_cs_client     = @@character_set_client */;
/*!50503 SET character_set_client = utf8mb4 */;
CREATE TABLE `media_types` (
  `id` int unsigned NOT NULL AUTO_INCREMENT,
  `name` varchar(255) CHARACTER SET utf8 COLLATE utf8_unicode_ci NOT NULL,
  PRIMARY KEY (`id`),
  UNIQUE KEY `name` (`name`)
) ENGINE=InnoDB AUTO_INCREMENT=4 DEFAULT CHARSET=utf8 COLLATE=utf8_unicode_ci;
/*!40101 SET character_set_client = @saved_cs_client */;

--
-- Dumping data for table `media_types`
--

LOCK TABLES `media_types` WRITE;
/*!40000 ALTER TABLE `media_types` DISABLE KEYS */;
INSERT INTO `media_types` VALUES (3,'audio'),(1,'photo'),(2,'video');
/*!40000 ALTER TABLE `media_types` ENABLE KEYS */;
UNLOCK TABLES;

--
-- Table structure for table `messages`
--

DROP TABLE IF EXISTS `messages`;
/*!40101 SET @saved_cs_client     = @@character_set_client */;
/*!50503 SET character_set_client = utf8mb4 */;
CREATE TABLE `messages` (
  `id` int unsigned NOT NULL AUTO_INCREMENT,
  `from_user_id` int unsigned NOT NULL,
  `to_user_id` int unsigned DEFAULT NULL,
  `community_id` int unsigned DEFAULT NULL,
  `body` text CHARACTER SET utf8 COLLATE utf8_unicode_ci NOT NULL,
  `is_important` tinyint(1) DEFAULT NULL,
  `is_delivered` tinyint(1) DEFAULT NULL,
  `created_at` datetime DEFAULT CURRENT_TIMESTAMP,
  PRIMARY KEY (`id`)
) ENGINE=InnoDB AUTO_INCREMENT=101 DEFAULT CHARSET=utf8 COLLATE=utf8_unicode_ci;
/*!40101 SET character_set_client = @saved_cs_client */;

--
-- Dumping data for table `messages`
--

LOCK TABLES `messages` WRITE;
/*!40000 ALTER TABLE `messages` DISABLE KEYS */;
INSERT INTO `messages` VALUES (1,82,90,2,'Footman\'s head: it just grazed his nose, you know?\' \'It\'s the stupidest tea-party I ever saw one that size? Why, it fills the whole court was in the last time she saw in another moment it was the.',1,1,'2018-03-31 23:10:10'),(2,3,45,3,'I ever saw one that size? Why, it fills the whole party at once to eat some of them bowed low. \'Would you tell me,\' said Alice, in a sort of way, \'Do cats eat bats?\' and sometimes, \'Do bats eat.',0,1,'2010-11-06 04:01:11'),(3,15,41,8,'By the time at the Hatter, and he went on eagerly. \'That\'s enough about lessons,\' the Gryphon in an offended tone, \'so I should be free of them even when they met in the last time she heard it.',0,0,'2017-01-07 14:22:08'),(4,57,60,10,'Imagine her surprise, when the Rabbit began. Alice gave a look askance-- Said he thanked the whiting kindly, but he now hastily began again, using the ink, that was said, and went on for some time.',0,0,'2019-12-11 12:16:33'),(5,32,78,5,'And yet I wish I hadn\'t to bring tears into her face, with such a pleasant temper, and thought to herself. At this moment the King, \'or I\'ll have you executed on the shingle--will you come and join.',1,0,'2019-11-13 17:05:26'),(6,94,36,17,'White Rabbit read:-- \'They told me he was going to begin at HIS time of life. The King\'s argument was, that anything that had a door leading right into a butterfly, I should be free of them didn\'t.',0,0,'2017-05-09 14:16:31'),(7,97,76,8,'So she stood looking at everything that Alice said; but was dreadfully puzzled by the little door, so she tried the effect of lying down with wonder at the time he was in such confusion that she was.',0,0,'2017-10-26 00:26:05'),(8,88,14,8,'Alice panted as she could, and waited to see if she was exactly three inches high). \'But I\'m not Ada,\' she said, without opening its eyes, for it now, I suppose, by being drowned in my own tears!.',1,0,'2016-06-01 14:31:48'),(9,3,74,17,'And she squeezed herself up closer to Alice\'s side as she swam lazily about in the house opened, and a Canary called out as loud as she heard a little nervous about this; \'for it might happen any.',1,1,'2012-09-26 02:51:50'),(10,61,83,19,'I suppose Dinah\'ll be sending me on messages next!\' And she tried to fancy to cats if you were all shaped like ears and whiskers, how late it\'s getting!\' She was walking hand in hand, in couples:.',1,1,'2016-02-03 06:05:36'),(11,30,100,6,'King and the White Rabbit interrupted: \'UNimportant, your Majesty means, of course,\' said the March Hare. \'It was much pleasanter at home,\' thought poor Alice, \'to speak to this last remark that had.',1,1,'2019-06-17 09:27:05'),(12,11,54,11,'I wonder?\' Alice guessed in a soothing tone: \'don\'t be angry about it. And yet I wish you wouldn\'t squeeze so.\' said the Cat: \'we\'re all mad here. I\'m mad. You\'re mad.\' \'How do you know I\'m mad?\'.',0,1,'2016-10-06 05:11:43'),(13,35,12,15,'Alice was only sobbing,\' she thought, and it was very nearly getting up and down, and was going a journey, I should think very likely true.) Down, down, down. There was exactly one a-piece all.',0,1,'2019-02-18 19:35:03'),(14,56,41,1,'CHAPTER IX. The Mock Turtle sang this, very slowly and sadly:-- \'\"Will you walk a little faster?\" said a whiting to a shriek, \'and just as well as she could not taste theirs, and the three gardeners.',1,0,'2017-12-15 19:58:43'),(15,39,73,20,'ME,\' said Alice very politely; but she remembered how small she was going to begin lessons: you\'d only have to whisper a hint to Time, and round the court with a large ring, with the next witness..',1,0,'2013-12-13 19:35:09'),(16,44,2,17,'Mabel after all, and I had our Dinah here, I know who I WAS when I grow up, I\'ll write one--but I\'m grown up now,\' she said, \'and see whether it\'s marked \"poison\" or not\'; for she thought, \'and hand.',1,1,'2016-06-21 03:42:23'),(17,76,73,3,'He sent them word I had it written up somewhere.\' Down, down, down. Would the fall was over. However, when they hit her; and when she first saw the White Rabbit interrupted: \'UNimportant, your.',1,1,'2013-12-04 07:34:49'),(18,37,65,2,'They all returned from him to be executed for having cheated herself in the world am I? Ah, THAT\'S the great question certainly was, what? Alice looked all round her, calling out in a fight with.',1,0,'2013-03-10 16:51:49'),(19,15,77,4,'Knave was standing before them, in chains, with a growl, And concluded the banquet--] \'What IS the use of a tree. \'Did you speak?\' \'Not I!\' said the Mock Turtle to the shore, and then added them up,.',0,1,'2015-12-05 06:52:56'),(20,42,79,12,'Her first idea was that she never knew so much contradicted in her life; it was only a child!\' The Queen turned angrily away from her as she swam about, trying to explain it as far down the.',1,1,'2010-11-14 18:40:43'),(21,68,1,6,'May it won\'t be raving mad--at least not so mad as it was too much of it in a coaxing tone, and everybody laughed, \'Let the jury had a vague sort of idea that they had to kneel down on one of these.',0,1,'2017-02-28 22:07:29'),(22,100,97,17,'Beautiful, beautiful Soup! Soup of the court. \'What do you mean \"purpose\"?\' said Alice. \'I\'ve so often read in the lock, and to stand on your shoes and stockings for you now, dears? I\'m sure I don\'t.',1,1,'2018-12-19 06:09:07'),(23,84,28,4,'First, she tried to say \"HOW DOTH THE LITTLE BUSY BEE,\" but it just grazed his nose, and broke off a little snappishly. \'You\'re enough to look about her other little children, and make THEIR eyes.',0,1,'2010-05-23 16:37:29'),(24,87,51,8,'The chief difficulty Alice found at first she would have done that, you know,\' said the Queen. \'I haven\'t opened it yet,\' said the Caterpillar; and it was over at last: \'and I do wonder what they\'ll.',0,1,'2013-09-17 13:43:33'),(25,95,19,8,'I!\' he replied. \'We quarrelled last March--just before HE went mad, you know--\' (pointing with his whiskers!\' For some minutes the whole party at once and put back into the sea, \'and in that.',1,1,'2013-04-05 20:39:12'),(26,13,4,14,'TWO little shrieks, and more puzzled, but she had not got into it), and sometimes shorter, until she made out the answer to shillings and pence. \'Take off your hat,\' the King added in a low voice..',1,0,'2014-07-11 15:58:04'),(27,82,96,6,'Caterpillar contemptuously. \'Who are YOU?\' Which brought them back again to the other, trying every door, she found this a very little use without my shoulders. Oh, how I wish you could draw treacle.',1,1,'2016-09-23 22:23:05'),(28,36,92,9,'Alice, and looking at the Queen, tossing her head to keep herself from being run over; and the arm that was sitting on the table. \'Nothing can be clearer than THAT. Then again--\"BEFORE SHE HAD THIS.',0,0,'2016-06-17 19:49:21'),(29,51,78,7,'I should frighten them out again. The rabbit-hole went straight on like a tunnel for some time with the name of nearly everything there. \'That\'s the judge,\' she said to Alice; and Alice was.',1,0,'2017-09-15 20:20:23'),(30,36,46,5,'Queen. \'Can you play croquet?\' The soldiers were always getting up and rubbed its eyes: then it watched the White Rabbit. She was moving them about as curious as it left no mark on the other.',1,0,'2015-04-12 00:56:04'),(31,21,68,7,'So she began nursing her child again, singing a sort of life! I do so like that curious song about the right way to change the subject,\' the March Hare, \'that \"I breathe when I grow at a reasonable.',1,1,'2019-06-02 08:22:38'),(32,75,73,17,'Alice could think of any one; so, when the race was over. However, when they passed too close, and waving their forepaws to mark the time, while the Dodo replied very readily: \'but that\'s because it.',1,1,'2012-09-12 05:46:35'),(33,38,70,3,'How puzzling all these changes are! I\'m never sure what I\'m going to leave it behind?\' She said this she looked up and saying, \'Thank you, sir, for your walk!\" \"Coming in a great hurry, muttering to.',0,1,'2019-04-09 12:04:03'),(34,36,71,4,'An obstacle that came between Him, and ourselves, and it. Don\'t let me hear the name \'Alice!\' CHAPTER XII. Alice\'s Evidence \'Here!\' cried Alice, with a T!\' said the Cat, and vanished again. Alice.',0,0,'2017-06-12 09:41:47'),(35,44,8,10,'Then followed the Knave of Hearts, he stole those tarts, And took them quite away!\' \'Consider your verdict,\' the King eagerly, and he checked himself suddenly: the others took the regular course.\'.',1,0,'2017-01-01 14:21:59'),(36,8,15,16,'Who ever saw one that size? Why, it fills the whole thing, and longed to get hold of this ointment--one shilling the box-- Allow me to him: She gave me a good way off, panting, with its eyelids, so.',0,0,'2011-10-29 15:04:39'),(37,51,11,11,'But at any rate, there\'s no room to grow to my right size: the next verse.\' \'But about his toes?\' the Mock Turtle went on so long since she had put on his spectacles. \'Where shall I begin, please.',0,1,'2013-02-28 22:33:16'),(38,99,61,7,'Alice, they all stopped and looked at the cook, to see it again, but it just missed her. Alice caught the flamingo and brought it back, the fight was over, and she soon found an opportunity of.',1,0,'2017-01-14 21:33:44'),(39,9,60,1,'I mean what I should say \"With what porpoise?\"\' \'Don\'t you mean by that?\' said the Dormouse. \'Fourteenth of March, I think you\'d take a fancy to cats if you like,\' said the Cat, \'if you only kept on.',1,1,'2011-06-12 06:41:01'),(40,71,77,4,'I was going to do with this creature when I get it home?\' when it saw mine coming!\' \'How do you mean by that?\' said the Dodo solemnly, rising to its feet, ran round the neck of the words a little,.',1,1,'2010-10-31 20:23:40'),(41,71,23,18,'Alice. The King turned pale, and shut his note-book hastily. \'Consider your verdict,\' the King said to the Mock Turtle said with some difficulty, as it can talk: at any rate,\' said Alice: \'--where\'s.',1,1,'2017-03-29 00:59:12'),(42,3,45,15,'King looked anxiously at the top of its voice. \'Back to land again, and looking anxiously about her. \'Oh, do let me hear the Rabbit came near her, about the crumbs,\' said the Hatter, with an.',0,0,'2010-09-22 16:03:50'),(43,17,48,1,'The poor little feet, I wonder if I know is, it would be the right size again; and the other players, and shouting \'Off with her head!\' Alice glanced rather anxiously at the White Rabbit was no.',1,1,'2019-01-01 18:19:20'),(44,91,7,1,'Bill! I wouldn\'t say anything about it, you know.\' He was an uncomfortably sharp chin. However, she soon made out that one of the crowd below, and there they lay sprawling about, reminding her very.',1,1,'2011-12-11 05:42:03'),(45,64,96,1,'I wonder?\' And here Alice began telling them her adventures from the sky! Ugh, Serpent!\' \'But I\'m NOT a serpent, I tell you, you coward!\' and at last turned sulky, and would only say, \'I am older.',1,1,'2015-04-21 10:25:40'),(46,89,55,1,'Alice began to cry again. \'You ought to be lost: away went Alice after it, and they can\'t prove I did: there\'s no use denying it. I suppose Dinah\'ll be sending me on messages next!\' And she went on.',0,0,'2011-11-27 23:12:52'),(47,6,68,2,'I\'ve nothing to do.\" Said the mouse to the jury, who instantly made a rush at the door and found that, as nearly as large as himself, and this time she heard the Queen\'s absence, and were resting in.',1,1,'2014-06-18 10:15:11'),(48,21,100,6,'VERY wide, but she remembered the number of cucumber-frames there must be!\' thought Alice. One of the other side of WHAT?\' thought Alice \'without pictures or conversations in it, and then turned to.',0,0,'2015-07-31 00:45:18'),(49,37,83,4,'Then followed the Knave was standing before them, in chains, with a kind of thing that would be grand, certainly,\' said Alice to herself, as well as she went on again: \'Twenty-four hours, I THINK;.',1,1,'2017-02-27 19:51:20'),(50,3,65,2,'Footman\'s head: it just grazed his nose, you know?\' \'It\'s the oldest rule in the back. At last the Dodo could not join the dance. Would not, could not, would not, could not, would not, could not,.',1,1,'2013-05-08 17:00:59'),(51,17,88,18,'While the Duchess began in a louder tone. \'ARE you to learn?\' \'Well, there was room for her. \'Yes!\' shouted Alice. \'Come on, then!\' roared the Queen, pointing to the game. CHAPTER IX. The Mock.',1,1,'2010-06-09 09:43:14'),(52,88,78,4,'Gryphon, \'that they WOULD go with the words came very queer to ME.\' \'You!\' said the Caterpillar. \'Well, I hardly know--No more, thank ye; I\'m better now--but I\'m a deal faster than it does.\' \'Which.',1,0,'2020-02-13 09:44:05'),(53,22,79,3,'Hatter. He had been of late much accustomed to usurpation and conquest. Edwin and Morcar, the earls of Mercia and Northumbria--\"\' \'Ugh!\' said the youth, \'as I mentioned before, And have grown most.',1,1,'2013-08-10 13:04:09'),(54,28,3,3,'For instance, if you please! \"William the Conqueror, whose cause was favoured by the fire, stirring a large ring, with the time,\' she said, as politely as she couldn\'t answer either question, it.',0,0,'2013-11-07 16:28:00'),(55,30,42,6,'I could let you out, you know.\' \'And what an ignorant little girl she\'ll think me at all.\' \'In that case,\' said the Caterpillar. Alice said to herself as she wandered about for it, she found that.',0,0,'2019-05-30 23:25:36'),(56,19,68,3,'Hatter. He came in sight of the court. \'What do you know that you\'re mad?\' \'To begin with,\' said the King, with an M, such as mouse-traps, and the pool a little pattering of feet in a loud,.',1,0,'2011-03-24 23:43:12'),(57,83,9,13,'Why, I haven\'t been invited yet.\' \'You\'ll see me there,\' said the Caterpillar, and the words don\'t FIT you,\' said the Footman, and began to get out of their wits!\' So she was holding, and she jumped.',1,1,'2017-07-18 18:26:57'),(58,95,50,17,'SAID was, \'Why is a very grave voice, \'until all the things I used to read fairy-tales, I fancied that kind of serpent, that\'s all you know I\'m mad?\' said Alice. \'I\'m glad they don\'t seem to come.',0,1,'2013-02-01 14:08:29'),(59,61,57,6,'Alice, \'a great girl like you,\' (she might well say this), \'to go on till you come and join the dance? Will you, won\'t you, won\'t you, won\'t you, won\'t you, will you, won\'t you, will you, won\'t you,.',1,1,'2017-11-24 22:58:21'),(60,2,40,19,'I\'m NOT a serpent, I tell you, you coward!\' and at once in the air. Even the Duchess sneezed occasionally; and as he spoke, and then dipped suddenly down, so suddenly that Alice said; \'there\'s a.',1,1,'2011-07-24 03:31:34'),(61,90,30,16,'Mock Turtle in a moment: she looked at poor Alice, who felt ready to sink into the air. She did it so VERY nearly at the Gryphon whispered in reply, \'for fear they should forget them before the.',0,1,'2014-10-16 15:24:55'),(62,82,16,1,'Alice thought this a very poor speaker,\' said the Duchess, \'and that\'s the jury, of course--\"I GAVE HER ONE, THEY GAVE HIM TWO--\" why, that must be kind to them,\' thought Alice, \'shall I NEVER get.',0,1,'2011-05-18 23:33:37'),(63,37,33,18,'I\'ve fallen by this very sudden change, but very politely: \'Did you speak?\' \'Not I!\' said the March Hare said--\' \'I didn\'t!\' the March Hare. \'Then it wasn\'t very civil of you to learn?\' \'Well, there.',1,1,'2014-12-08 00:08:17'),(64,57,83,6,'Alice. \'Reeling and Writhing, of course, Alice could think of anything to say, she simply bowed, and took the hookah out of breath, and said \'That\'s very important,\' the King was the cat.) \'I hope.',0,1,'2017-09-16 23:05:10'),(65,43,66,18,'Who ever saw one that size? Why, it fills the whole head appeared, and then another confusion of voices--\'Hold up his head--Brandy now--Don\'t choke him--How was it, old fellow? What happened to me!.',0,1,'2020-03-25 08:57:01'),(66,3,14,8,'Pat, what\'s that in about half no time! Take your choice!\' The Duchess took her choice, and was immediately suppressed by the English, who wanted leaders, and had no idea what a long time together.\'.',0,1,'2012-12-28 09:54:25'),(67,61,63,6,'Hatter replied. \'Of course not,\' said the March Hare moved into the book her sister was reading, but it makes me grow smaller, I suppose.\' So she swallowed one of them with the glass table and the.',1,1,'2020-04-24 06:26:21'),(68,29,58,8,'Ugh, Serpent!\' \'But I\'m not myself, you see.\' \'I don\'t like it, yer honour, at all, at all!\' \'Do as I used--and I don\'t put my arm round your waist,\' the Duchess said after a minute or two, and the.',1,0,'2020-01-29 05:27:41'),(69,3,40,18,'Then she went on \'And how do you want to see what this bottle does. I do it again and again.\' \'You are old, Father William,\' the young man said, \'And your hair has become very white; And yet I wish.',0,0,'2013-01-20 16:50:07'),(70,90,29,7,'French lesson-book. The Mouse did not like to have him with them,\' the Mock Turtle at last, more calmly, though still sobbing a little bit, and said \'No, never\') \'--so you can find out the words:.',0,1,'2016-11-21 15:35:13'),(71,74,85,2,'Duchess, it had entirely disappeared; so the King said, turning to the other: the Duchess said after a fashion, and this Alice would not allow without knowing how old it was, and, as a boon, Was.',0,0,'2015-05-04 15:21:02'),(72,100,44,7,'I\'ve tried to open her mouth; but she saw them, they were playing the Queen in a deep, hollow tone: \'sit down, both of you, and don\'t speak a word till I\'ve finished.\' So they got settled down.',1,0,'2018-06-13 13:04:59'),(73,21,73,7,'She was a table set out under a tree in front of them, with her head! Off--\' \'Nonsense!\' said Alice, \'I\'ve often seen a good deal frightened by this time). \'Don\'t grunt,\' said Alice; not that she.',0,0,'2014-12-10 04:45:13'),(74,100,83,16,'The King and Queen of Hearts, who only bowed and smiled in reply. \'That\'s right!\' shouted the Queen, in a minute or two she walked down the chimney!\' \'Oh! So Bill\'s got the other--Bill! fetch it.',1,0,'2020-04-06 10:15:00'),(75,14,21,18,'Hatter; \'so I should like to be told so. \'It\'s really dreadful,\' she muttered to herself, \'Why, they\'re only a pack of cards, after all. I needn\'t be afraid of them!\' \'And who is to give the.',1,1,'2019-02-03 09:02:14'),(76,60,36,20,'The three soldiers wandered about for it, she found that her flamingo was gone across to the jury, and the Hatter added as an explanation. \'Oh, you\'re sure to kill it in the distance, screaming with.',1,0,'2014-07-06 23:20:21'),(77,2,3,8,'Mock Turtle to the general conclusion, that wherever you go on? It\'s by far the most confusing thing I ever heard!\' \'Yes, I think that there ought! And when I grow up, I\'ll write one--but I\'m grown.',1,0,'2011-05-23 07:22:20'),(78,6,23,18,'Pray, what is the capital of Paris, and Paris is the same thing,\' said the Hatter. \'It isn\'t a bird,\' Alice remarked. \'Right, as usual,\' said the Duchess; \'and the moral of that is--\"Oh, \'tis love,.',1,1,'2017-05-07 03:18:05'),(79,93,98,8,'Dormouse sulkily remarked, \'If you please, sir--\' The Rabbit started violently, dropped the white kid gloves while she ran, as well as she could. \'The Dormouse is asleep again,\' said the Mock.',1,1,'2015-12-20 11:07:14'),(80,9,51,3,'Dodo could not tell whether they were filled with tears again as quickly as she could, for the Dormouse,\' thought Alice; \'but when you come to the Classics master, though. He was an uncomfortably.',0,0,'2019-03-19 08:25:35'),(81,26,77,9,'I can\'t put it right; \'not that it is!\' \'Why should it?\' muttered the Hatter. \'You might just as if she meant to take the hint; but the Mouse only growled in reply. \'That\'s right!\' shouted the.',0,0,'2015-03-08 12:24:45'),(82,8,10,17,'I did: there\'s no name signed at the bottom of the trees behind him. \'--or next day, maybe,\' the Footman remarked, \'till tomorrow--\' At this moment the door of which was immediately suppressed by.',1,1,'2016-12-31 04:10:35'),(83,22,81,19,'French mouse, come over with William the Conqueror.\' (For, with all her riper years, the simple rules their friends had taught them: such as, \'Sure, I don\'t think,\' Alice went on, without attending.',0,0,'2018-10-04 01:17:55'),(84,39,53,1,'Queen\'s absence, and were resting in the last word with such sudden violence that Alice said; \'there\'s a large piece out of breath, and till the puppy\'s bark sounded quite faint in the air, and came.',0,0,'2013-01-14 14:34:52'),(85,46,71,8,'King said to the other side, the puppy began a series of short charges at the window.\' \'THAT you won\'t\' thought Alice, and sighing. \'It IS a Caucus-race?\' said Alice; \'living at the March Hare,.',1,1,'2014-05-29 22:45:31'),(86,15,64,18,'Here the Dormouse again, so that altogether, for the White Rabbit returning, splendidly dressed, with a soldier on each side, and opened their eyes and mouths so VERY tired of swimming about here, O.',1,0,'2011-04-27 23:06:10'),(87,75,81,4,'Dinah\'ll be sending me on messages next!\' And she began very cautiously: \'But I don\'t keep the same as they were nowhere to be patted on the stairs. Alice knew it was all finished, the Owl, as a.',0,1,'2016-01-29 18:26:15'),(88,80,57,6,'King: \'leave out that the Mouse had changed his mind, and was delighted to find it out, we should all have our heads cut off, you know. Come on!\' \'Everybody says \"come on!\" here,\' thought Alice, and.',1,0,'2018-02-20 01:18:10'),(89,45,51,18,'However, when they arrived, with a kind of serpent, that\'s all I can remember feeling a little bottle on it, for she could not help thinking there MUST be more to do so. \'Shall we try another figure.',0,0,'2014-06-17 06:08:42'),(90,20,47,9,'And the executioner myself,\' said the King, \'or I\'ll have you executed on the spot.\' This did not like to try the thing Mock Turtle in the pictures of him), while the rest of the day; and this time.',1,0,'2017-11-10 13:30:36'),(91,76,38,12,'March--just before HE went mad, you know--\' \'What did they draw?\' said Alice, a good deal to come down the little door, had vanished completely. Very soon the Rabbit hastily interrupted. \'There\'s a.',0,1,'2018-04-16 00:17:46'),(92,62,93,15,'When she got back to the table, but there was enough of me left to make out at the mushroom for a moment like a sky-rocket!\' \'So you think you could see this, as she came upon a time she had never.',0,1,'2015-06-14 00:17:57'),(93,79,17,15,'There was a treacle-well.\' \'There\'s no such thing!\' Alice was so full of tears, \'I do wish I could let you out, you know.\' \'Who is it directed to?\' said the Duchess. \'Everything\'s got a moral, if.',1,1,'2010-11-14 22:01:12'),(94,47,82,10,'However, everything is queer to-day.\' Just then she noticed that the Gryphon said, in a low voice, \'Why the fact is, you ARE a simpleton.\' Alice did not get dry again: they had a vague sort of.',0,0,'2013-08-13 12:14:25'),(95,69,98,7,'Mock Turtle yawned and shut his eyes.--\'Tell her about the right height to rest her chin upon Alice\'s shoulder, and it was a long time with one of the shelves as she was now more than Alice could.',0,1,'2013-01-08 20:29:06'),(96,81,14,3,'Alice, \'and those twelve creatures,\' (she was so large in the trial one way of keeping up the fan and the other end of every line: \'Speak roughly to your tea; it\'s getting late.\' So Alice got up and.',1,1,'2018-03-24 23:28:22'),(97,24,77,12,'Alice, \'to speak to this last remark. \'Of course it was,\' said the Hatter, \'you wouldn\'t talk about cats or dogs either, if you hold it too long; and that if something wasn\'t done about it just.',0,1,'2010-12-20 11:24:53'),(98,14,39,13,'I\'ve kept her waiting!\' Alice felt that she could do to ask: perhaps I shall have some fun now!\' thought Alice. \'I mean what I could show you our cat Dinah: I think I may as well as she went on.',0,1,'2015-06-09 02:49:15'),(99,51,40,7,'I am to see what was on the look-out for serpents night and day! Why, I haven\'t had a bone in his note-book, cackled out \'Silence!\' and read as follows:-- \'The Queen will hear you! You see, she came.',1,0,'2018-03-04 09:54:15'),(100,46,9,17,'Mouse, who was peeping anxiously into her head. Still she went to the game. CHAPTER IX. The Mock Turtle went on. \'I do,\' Alice hastily replied; \'at least--at least I mean what I say--that\'s the same.',1,0,'2019-01-28 21:07:49');
/*!40000 ALTER TABLE `messages` ENABLE KEYS */;
UNLOCK TABLES;

--
-- Table structure for table `profiles`
--

DROP TABLE IF EXISTS `profiles`;
/*!40101 SET @saved_cs_client     = @@character_set_client */;
/*!50503 SET character_set_client = utf8mb4 */;
CREATE TABLE `profiles` (
  `user_id` int unsigned NOT NULL,
  `gender` char(1) CHARACTER SET utf8 COLLATE utf8_unicode_ci NOT NULL,
  `birthday` date DEFAULT NULL,
  `city` varchar(100) CHARACTER SET utf8 COLLATE utf8_unicode_ci DEFAULT NULL,
  `country` varchar(100) CHARACTER SET utf8 COLLATE utf8_unicode_ci DEFAULT NULL,
  `photo_id` int unsigned DEFAULT NULL,
  PRIMARY KEY (`user_id`)
) ENGINE=InnoDB DEFAULT CHARSET=utf8 COLLATE=utf8_unicode_ci;
/*!40101 SET character_set_client = @saved_cs_client */;

--
-- Dumping data for table `profiles`
--

LOCK TABLES `profiles` WRITE;
/*!40000 ALTER TABLE `profiles` DISABLE KEYS */;
INSERT INTO `profiles` VALUES (1,'f','2017-09-15','Port Samburgh','Canada',19),(2,'f','1971-09-27','Abbottborough','China',72),(3,'f','2011-04-07','Port Reggiebury','Singapore',104),(4,'f','1982-04-05','Lake Torrey','China',105),(5,'m','1995-02-10','Mariloustad','Ausria',10),(6,'m','2004-09-26','South Zoie','Singapore',137),(7,'f','1977-09-23','Lake Rubie','China',52),(8,'f','1995-09-27','West Dario','New Zealand',47),(9,'f','1990-03-23','Fayton','Italy',82),(10,'f','2002-11-03','Jetttown','Canada',68),(11,'f','2013-01-03','East Ramonafort','Israel',93),(12,'f','2011-08-22','Mannside','Italy',63),(13,'m','1976-10-31','East Altaton','Singapore',32),(14,'m','1993-02-18','Samtown','USA',171),(15,'f','1986-03-07','West Ramona','United Kingdom',159),(16,'f','2011-04-05','Kovacekside','New Zealand',82),(17,'m','2004-12-07','Keithfort','Singapore',132),(18,'m','1997-09-03','South Lurline','United Kingdom',14),(19,'f','2012-11-21','West Catherine','Ausria',71),(20,'f','1991-08-31','Kohlerside','New Zealand',115),(21,'f','1982-03-27','East Chrisberg','Israel',160),(22,'m','1971-06-30','Carmineshire','United Kingdom',57),(23,'f','2019-10-06','North Delfinatown','Singapore',2),(24,'m','1990-10-21','Marianeside','Israel',41),(25,'m','1984-10-26','North Lydahaven','China',198),(26,'f','2002-11-06','New Goldenmouth','Spain',67),(27,'m','1976-04-03','Hipolitoland','Spain',140),(28,'f','1982-11-20','East Raulberg','Italy',98),(29,'m','2019-02-07','North Neil','Ausria',72),(30,'m','1986-04-05','Cierrastad','New Zealand',62),(31,'m','2002-04-05','Port Zettabury','Italy',95),(32,'m','1984-03-21','Breannechester','Singapore',87),(33,'f','1996-10-09','Crawfordmouth','Spain',151),(34,'m','1997-06-27','Colestad','Italy',95),(35,'m','1981-02-20','Bayerhaven','China',20),(36,'m','1996-01-02','West Vanessamouth','Israel',15),(37,'m','1997-08-29','Hildegardhaven','Singapore',15),(38,'m','1976-09-01','McGlynnchester','New Zealand',29),(39,'f','2003-01-28','Kuvalisstad','Israel',101),(40,'f','2019-03-03','Port Orin','Singapore',15),(41,'m','2017-09-26','North Winfieldfurt','New Zealand',174),(42,'m','1988-10-07','Conniefort','Canada',24),(43,'m','1973-02-28','Port Willyfurt','Canada',197),(44,'m','1983-02-05','Maxwellstad','Italy',114),(45,'f','1973-06-03','East Carol','China',177),(46,'m','1981-08-26','Gayleshire','USA',141),(47,'m','1970-02-27','North Cleora','Israel',177),(48,'f','2003-05-31','North Riley','Spain',59),(49,'f','1971-07-24','New Eulalia','United Kingdom',165),(50,'f','2007-10-10','New Grover','Italy',49),(51,'m','2001-09-09','North Carolyne','Spain',148),(52,'m','2008-04-17','Hassieton','Israel',192),(53,'f','1971-02-06','Port Archibald','USA',115),(54,'f','2018-07-16','Rodrigueztown','Ausria',199),(55,'f','2014-05-22','South Emmett','Spain',48),(56,'m','1998-04-15','South Solonville','Ausria',43),(57,'m','1973-07-30','Cathrinefort','USA',72),(58,'f','1980-04-01','Port Modesto','Italy',29),(59,'m','1975-12-29','Kaceyfurt','Canada',130),(60,'m','2011-06-08','East Kristin','Israel',161),(61,'f','2010-11-01','Hillsshire','Ausria',16),(62,'m','1994-09-11','Adolfoton','Italy',198),(63,'f','2012-09-27','Lowefurt','United Kingdom',139),(64,'f','2014-12-10','North Arnoldland','Canada',101),(65,'m','1977-01-14','Lake Tayastad','Spain',90),(66,'m','1994-08-20','Lake Delmer','Canada',143),(67,'m','2001-09-10','Port Kaylin','Ausria',47),(68,'f','1985-09-05','Rogahnshire','Spain',4),(69,'m','2008-01-31','Damonbury','Ausria',79),(70,'m','1978-07-29','Wilhelmview','China',180),(71,'f','2009-12-31','Samanthabury','Italy',66),(72,'m','1984-02-24','Tristinfort','Italy',187),(73,'f','2005-07-22','Rogahnmouth','China',136),(74,'f','2017-10-18','Mannmouth','United Kingdom',121),(75,'f','1986-08-07','West Flavietown','Spain',197),(76,'m','2018-01-09','Sydnibury','Singapore',20),(77,'m','2013-07-29','South Fordton','Spain',107),(78,'m','1975-09-16','North Madonnafort','Ausria',76),(79,'f','1983-06-14','Donnellyport','Singapore',59),(80,'f','2005-04-10','Carloborough','Canada',67),(81,'f','2013-11-02','Feeneyburgh','USA',158),(82,'f','1985-06-25','South Elaina','Spain',190),(83,'f','1974-01-22','West Garrisonmouth','Canada',72),(84,'f','1972-05-12','Biankafurt','Italy',190),(85,'m','1981-01-31','Port Marjolainechester','New Zealand',135),(86,'m','2015-02-04','North Leatha','China',104),(87,'m','1997-05-02','Lake Alessandroside','Italy',112),(88,'f','1991-06-04','East Raina','Ausria',50),(89,'f','1989-02-14','Maximillianburgh','Ausria',115),(90,'f','1984-08-13','Rosaleestad','Israel',23),(91,'f','2014-05-26','Christophefort','Israel',170),(92,'m','1976-03-15','Rayton','Spain',179),(93,'f','2003-09-06','Alyssonfurt','Spain',185),(94,'m','2016-04-13','Greenholtville','Italy',187),(95,'m','1973-08-26','North Zettaland','Italy',181),(96,'f','1981-09-07','Frederickborough','Israel',144),(97,'f','2000-07-25','Geoffreychester','Italy',175),(98,'m','2018-12-13','East Araceli','Singapore',44),(99,'f','2017-10-10','Port Berry','New Zealand',92),(100,'f','2015-05-16','Mannhaven','Israel',129);
/*!40000 ALTER TABLE `profiles` ENABLE KEYS */;
UNLOCK TABLES;

--
-- Table structure for table `users`
--

DROP TABLE IF EXISTS `users`;
/*!40101 SET @saved_cs_client     = @@character_set_client */;
/*!50503 SET character_set_client = utf8mb4 */;
CREATE TABLE `users` (
  `id` int unsigned NOT NULL AUTO_INCREMENT,
  `first_name` varchar(100) CHARACTER SET utf8 COLLATE utf8_unicode_ci NOT NULL,
  `last_name` varchar(100) CHARACTER SET utf8 COLLATE utf8_unicode_ci NOT NULL,
  `email` varchar(120) CHARACTER SET utf8 COLLATE utf8_unicode_ci NOT NULL,
  `phone` varchar(120) CHARACTER SET utf8 COLLATE utf8_unicode_ci NOT NULL,
  `created_at` datetime DEFAULT CURRENT_TIMESTAMP,
  `updated_at` datetime DEFAULT CURRENT_TIMESTAMP ON UPDATE CURRENT_TIMESTAMP,
  PRIMARY KEY (`id`),
  UNIQUE KEY `email` (`email`),
  UNIQUE KEY `phone` (`phone`)
) ENGINE=InnoDB AUTO_INCREMENT=101 DEFAULT CHARSET=utf8 COLLATE=utf8_unicode_ci;
/*!40101 SET character_set_client = @saved_cs_client */;

--
-- Dumping data for table `users`
--

LOCK TABLES `users` WRITE;
/*!40000 ALTER TABLE `users` DISABLE KEYS */;
INSERT INTO `users` VALUES (1,'Kailee','Funk','xpaucek@example.com','066.652.9908x2574','1974-02-07 01:35:40','1979-12-18 10:38:11'),(2,'Kaitlin','Carroll','streich.nat@example.net','331-378-7330x033','1991-11-11 18:28:32','1998-05-28 15:21:05'),(3,'Melba','Ankunding','crippin@example.com','01253024234','2004-07-12 06:21:31','2020-04-25 19:58:54'),(4,'Nikolas','Mayer','pete.marks@example.org','(722)619-3245','2016-05-07 11:46:37','2020-04-25 19:58:54'),(5,'Donato','Bailey','vhegmann@example.com','08725327101','1987-05-26 14:48:20','2012-12-21 03:25:53'),(6,'Kavon','Reichel','alex.kulas@example.net','837-090-4133','1975-05-05 12:30:13','1991-03-10 01:22:53'),(7,'Felix','Deckow','meagan83@example.org','1-418-601-2030','2018-01-30 09:35:18','2020-04-25 19:58:54'),(8,'Salvatore','Funk','dell.gottlieb@example.net','(864)796-2237x57047','1987-04-15 07:21:38','2020-04-25 19:58:54'),(9,'Aniyah','Ritchie','bianka.zemlak@example.com','836.997.1315','1990-04-02 00:00:34','1992-08-10 13:25:25'),(10,'Fernando','Beer','hettinger.abner@example.com','(721)678-5488x6496','1994-01-11 04:45:59','2020-04-25 19:58:54'),(11,'Alfredo','Shanahan','harmstrong@example.com','495.576.1715x818','1990-10-01 16:16:01','2020-04-25 19:58:54'),(12,'Damian','Kerluke','maddison54@example.org','550-629-0596x42645','1994-11-01 18:01:30','2010-06-24 08:55:09'),(13,'Alexandrine','Kohler','toy.aliya@example.net','918-545-2676','1970-03-01 12:29:36','1979-07-07 11:56:51'),(14,'Lempi','Bode','ukuphal@example.net','489-844-5969','1991-04-07 15:35:52','1994-09-03 03:25:59'),(15,'Kailee','Krajcik','champlin.issac@example.org','253.636.0509x748','2017-04-27 03:51:21','2020-04-25 19:58:54'),(16,'Daphnee','Welch','romaguera.lela@example.org','(059)595-4682x599','1974-09-30 01:49:46','1994-02-03 00:27:06'),(17,'Joyce','Cassin','russel.lebsack@example.com','02512436758','2013-10-28 08:14:13','2020-04-25 19:58:54'),(18,'Angela','Labadie','monahan.rita@example.com','207.133.2383x99618','2002-09-03 19:03:50','2003-01-17 19:50:23'),(19,'Vida','Lubowitz','hudson.kraig@example.net','(237)808-1211x8220','2009-04-04 09:32:37','2020-04-25 19:58:54'),(20,'Oscar','Rogahn','obrekke@example.org','(056)603-6944x7027','1977-02-20 03:11:11','2007-09-07 16:36:02'),(21,'Etha','Flatley','roger79@example.org','(096)220-6789','2013-02-19 21:24:09','2020-04-25 19:58:54'),(22,'Clarabelle','Wyman','edward.ankunding@example.org','+98(3)6964323398','2000-04-22 13:47:04','2020-04-25 19:58:54'),(23,'Avis','Paucek','bogan.dahlia@example.net','775-404-3584x5189','2003-09-30 05:30:26','2020-04-25 19:58:54'),(24,'Damon','Thiel','hans29@example.com','021-046-3023','2016-08-03 18:59:00','2020-04-25 19:58:54'),(25,'Granville','Ferry','rolfson.moises@example.com','527.181.2193','2019-06-05 20:56:07','2020-04-25 19:58:54'),(26,'Justen','Gerlach','ssmitham@example.org','+22(0)2391457212','2013-05-18 01:08:57','2020-04-25 19:58:54'),(27,'Alexandrea','Lindgren','acormier@example.org','+44(0)4446594271','1996-12-24 09:15:39','2004-05-26 09:04:39'),(28,'Blanche','Lueilwitz','schaefer.adrianna@example.com','(294)973-1738x35853','2019-05-26 16:27:52','2020-04-25 19:58:54'),(29,'Phyllis','Swaniawski','lynch.lempi@example.org','007-391-4960','2006-03-26 14:50:39','2020-04-25 19:58:54'),(30,'Freeman','McKenzie','stan38@example.net','+74(3)8201394323','2005-10-16 17:34:45','2020-04-25 19:58:54'),(31,'Rita','Kovacek','elisha52@example.com','(338)774-2800x197','2018-02-03 12:25:18','2020-04-25 19:58:54'),(32,'Camryn','Larkin','fredrick97@example.org','(295)188-8087','1983-11-14 05:43:52','1986-01-13 11:00:46'),(33,'Nigel','Frami','fritz68@example.net','883-601-7435','2009-09-21 18:48:56','2020-04-25 19:58:54'),(34,'Dangelo','Leuschke','conroy.reed@example.org','(524)260-7301','1971-05-28 01:18:39','1998-09-22 04:12:27'),(35,'Leon','Ernser','kale.stark@example.org','(590)566-3790','1977-09-23 13:57:26','2015-11-01 19:21:02'),(36,'Delphia','Franecki','fdibbert@example.com','(976)413-0752','1980-07-01 02:36:12','1984-10-07 21:47:58'),(37,'Alexis','Predovic','daugherty.esther@example.org','(633)590-3150','1993-05-24 22:50:00','2020-04-25 19:58:54'),(38,'Donato','Konopelski','deshawn.muller@example.net','818-393-7278','1978-06-28 16:04:35','2010-12-17 23:28:45'),(39,'Adonis','Pfeffer','grady94@example.net','(880)690-5546x2455','2015-11-30 02:54:45','2020-04-25 19:58:54'),(40,'Zackary','Marks','kacey26@example.net','160.096.1266x68341','1975-03-23 01:28:58','2006-03-14 08:11:15'),(41,'Justyn','Kemmer','wiza.enrique@example.com','320.287.6497','2000-06-03 07:30:43','2020-04-25 19:58:54'),(42,'Kaley','Ortiz','lonzo.berge@example.net','029.134.4743x3984','2006-01-26 13:58:36','2020-04-25 19:58:54'),(43,'Delia','Lakin','heber71@example.net','865.129.8062x92997','2017-08-22 22:43:55','2020-04-25 19:58:54'),(44,'Daija','Hessel','jbeatty@example.org','(861)605-6499x721','2005-04-03 15:20:21','2020-04-25 19:58:54'),(45,'Cara','Pouros','hermiston.haley@example.net','1-795-707-9886x1292','1978-04-25 00:40:28','2010-04-17 00:22:48'),(46,'Ludwig','Bailey','melba.windler@example.com','+40(7)9914479870','1998-04-18 18:49:46','2020-04-25 19:58:54'),(47,'Felton','Ondricka','skiles.samantha@example.org','147.241.3633x704','2014-12-28 07:27:22','2020-04-25 19:58:54'),(48,'Clark','Davis','heber71@example.com','085.857.0456x357','1985-01-28 07:08:26','2004-10-05 12:47:42'),(49,'Furman','Beier','emarks@example.org','1-649-062-5935','1991-11-08 04:02:08','2020-04-25 19:58:54'),(50,'Shyanne','Veum','magali61@example.net','090-036-9703x57698','1970-02-03 18:51:49','2019-03-10 02:37:55'),(51,'Christa','Koss','marilou.rowe@example.org','242.998.4492','2000-01-18 18:24:33','2020-04-25 19:58:54'),(52,'Cleta','Cummerata','hannah.olson@example.com','(616)486-0534x61180','1983-01-04 15:32:19','1995-11-04 23:46:38'),(53,'Myrtie','Ruecker','xdurgan@example.com','(076)289-0638x970','2000-04-30 16:59:55','2020-04-25 19:58:54'),(54,'Vella','Runte','wilfredo91@example.org','1-428-287-1166x23553','2002-09-16 00:09:33','2020-04-25 19:58:54'),(55,'Monserrat','Abbott','tremaine.stiedemann@example.org','(471)067-8322x537','2016-12-04 09:52:53','2020-04-25 19:58:54'),(56,'Betty','Christiansen','unader@example.net','953.898.8680','1989-01-20 07:56:34','2020-04-25 19:58:54'),(57,'Ezekiel','Kassulke','danielle.stehr@example.org','1-371-356-0081x968','1986-08-05 04:28:54','2020-04-25 19:58:54'),(58,'Jody','Orn','kenyon.gislason@example.net','150-256-7886x426','2003-06-11 06:02:46','2006-06-27 00:48:11'),(59,'Bertha','O\'Keefe','caufderhar@example.net','649-841-9405x0818','2002-11-10 03:24:53','2020-04-25 19:58:54'),(60,'Turner','Satterfield','john74@example.com','+38(6)8152713869','2005-04-09 20:47:08','2020-04-25 19:58:54'),(61,'Anthony','Murphy','leonora.parisian@example.org','706.177.4666x159','1976-11-03 09:57:04','1998-03-02 11:23:07'),(62,'Krystina','Durgan','ysatterfield@example.com','+56(7)9737648649','1980-04-30 09:08:46','2007-08-09 09:39:23'),(63,'Berenice','Koss','ehintz@example.net','865-680-1782x99435','2006-07-03 13:40:09','2020-04-25 19:58:54'),(64,'Buster','Goodwin','rdouglas@example.org','1-404-645-4796','1976-02-27 17:58:48','1998-08-01 22:39:05'),(65,'Laurie','Goodwin','yosinski@example.org','(337)848-3910','1983-12-23 21:31:59','2020-04-25 19:58:54'),(66,'Lelah','Hane','leslie69@example.org','+10(9)1573224339','1986-05-06 12:32:39','2020-04-25 19:58:54'),(67,'Abigail','Wuckert','kmuller@example.org','814-825-1666x9467','1987-08-18 02:33:56','2010-01-08 07:19:46'),(68,'Natasha','Rau','ashley.zboncak@example.org','210-435-0710','1990-03-18 14:36:07','2019-12-03 18:53:22'),(69,'Cleve','Barrows','stamm.milford@example.org','+59(6)3772183065','2016-10-22 04:31:59','2020-04-25 19:58:54'),(70,'Lindsay','Welch','jblock@example.net','035.333.6174x288','2007-08-12 11:28:09','2015-12-29 00:35:48'),(71,'Rosie','Kutch','gmayer@example.org','(445)337-2239x920','1981-01-20 23:19:17','1993-12-05 05:22:15'),(72,'Shannon','Satterfield','morar.patricia@example.net','665-048-7044x21462','1983-01-15 09:10:59','2008-10-18 00:14:20'),(73,'Lavada','Kassulke','cloyd66@example.net','1-147-900-6129x8158','1983-08-28 20:45:24','2020-04-25 19:58:54'),(74,'Brionna','Abshire','bradly.crooks@example.org','00330739063','1977-02-23 17:05:58','2009-05-19 18:26:19'),(75,'Keely','Kuphal','neal83@example.org','359.081.1251x09676','1979-09-10 13:38:43','1997-11-17 04:51:19'),(76,'Kasey','Stehr','elvie55@example.org','(752)974-9237x4712','1982-02-06 16:41:53','1987-02-28 09:40:56'),(77,'Sim','Veum','hilll.stevie@example.net','518.351.9310x3553','1995-02-05 06:21:07','2020-04-25 19:58:54'),(78,'Abby','Stokes','nickolas70@example.net','(161)644-6467x5734','1990-03-23 09:13:46','2004-09-14 22:11:07'),(79,'Aylin','Deckow','dickinson.aniya@example.com','08374812396','1988-04-12 22:22:02','1989-10-20 20:05:58'),(80,'Amir','Rolfson','green.edgar@example.net','490-659-9445x315','2007-07-08 17:22:44','2017-01-11 04:40:02'),(81,'Cletus','Becker','alexzander06@example.org','(851)994-3380x0358','1982-01-01 21:44:20','1989-09-23 21:28:19'),(82,'Gabrielle','Beatty','zane.hilpert@example.net','+63(1)6597153098','1981-09-20 11:12:30','2012-01-28 16:38:42'),(83,'Marianne','Zieme','ryleigh48@example.org','030.939.1528x28176','2017-07-06 06:16:49','2020-04-25 19:58:54'),(84,'Frida','Abshire','mayer.dusty@example.com','715-691-4513x0937','1984-02-20 02:51:53','2020-04-25 19:58:54'),(85,'Verona','Swift','frau@example.com','(353)719-9359','1998-05-25 18:17:19','2020-04-25 19:58:54'),(86,'Forest','Daugherty','hettinger.shemar@example.org','(112)264-3040','1996-02-14 10:28:37','2020-04-25 19:58:54'),(87,'German','Champlin','rosetta.hammes@example.com','+91(9)7183764140','2008-07-29 04:26:49','2020-04-25 19:58:54'),(88,'Gisselle','McLaughlin','wilkinson.janessa@example.com','+39(0)3393660585','2002-02-09 14:33:56','2020-04-25 19:58:54'),(89,'Jolie','Little','ledner.leonie@example.net','875-477-9644x631','2017-03-21 01:20:19','2020-04-25 19:58:54'),(90,'Breanna','Breitenberg','emanuel57@example.com','769-141-0201x413','2002-02-09 11:07:04','2020-04-25 19:58:54'),(91,'Llewellyn','Kohler','raegan72@example.net','116.555.5384','1971-04-18 08:43:29','2011-12-01 13:21:57'),(92,'Casimir','Ritchie','cheller@example.org','1-510-771-6081x4846','1972-04-02 07:33:39','1986-03-19 02:47:53'),(93,'Maryam','Schaden','erwin36@example.net','186.598.2164x35825','1985-01-15 01:41:44','2014-01-02 00:59:00'),(94,'Otho','Grimes','vhagenes@example.com','369-126-7606x9163','1998-12-26 06:24:52','2020-04-25 19:58:54'),(95,'Alda','Mann','ostamm@example.org','+85(2)3408312256','2005-07-04 13:58:29','2020-04-25 19:58:54'),(96,'Sister','Kunze','imedhurst@example.com','1-586-023-2706x87083','1997-02-17 15:18:12','2020-04-25 19:58:54'),(97,'Alaina','Wolff','nnolan@example.net','05521493903','1992-08-23 12:25:30','2018-11-05 17:11:08'),(98,'Guy','Heaney','albert.will@example.net','100.700.0592x017','1997-10-02 13:55:33','2020-04-25 19:58:54'),(99,'Shakira','Hoeger','darren.macejkovic@example.com','754.378.0631','1994-12-06 20:18:31','2020-04-25 19:58:54'),(100,'Alfreda','Beer','nstreich@example.org','04361365755','1990-01-09 13:08:04','2020-04-25 19:58:54');
/*!40000 ALTER TABLE `users` ENABLE KEYS */;
UNLOCK TABLES;
/*!40103 SET TIME_ZONE=@OLD_TIME_ZONE */;

/*!40101 SET SQL_MODE=@OLD_SQL_MODE */;
/*!40014 SET FOREIGN_KEY_CHECKS=@OLD_FOREIGN_KEY_CHECKS */;
/*!40014 SET UNIQUE_CHECKS=@OLD_UNIQUE_CHECKS */;
/*!40101 SET CHARACTER_SET_CLIENT=@OLD_CHARACTER_SET_CLIENT */;
/*!40101 SET CHARACTER_SET_RESULTS=@OLD_CHARACTER_SET_RESULTS */;
/*!40101 SET COLLATION_CONNECTION=@OLD_COLLATION_CONNECTION */;
/*!40111 SET SQL_NOTES=@OLD_SQL_NOTES */;

-- Dump completed on 2020-04-26 11:54:49
