-- Generation time: Sat, 18 Apr 2020 11:06:03 +0000
-- Host: mysql.hostinger.ro
-- DB name: u574849695_25
/*!40030 SET NAMES UTF8 */;
/*!40101 SET @OLD_CHARACTER_SET_CLIENT=@@CHARACTER_SET_CLIENT */;
/*!40101 SET @OLD_CHARACTER_SET_RESULTS=@@CHARACTER_SET_RESULTS */;
/*!40101 SET @OLD_COLLATION_CONNECTION=@@COLLATION_CONNECTION */;
/*!40103 SET @OLD_TIME_ZONE=@@TIME_ZONE */;
/*!40103 SET TIME_ZONE='+00:00' */;
/*!40014 SET @OLD_UNIQUE_CHECKS=@@UNIQUE_CHECKS, UNIQUE_CHECKS=0 */;
/*!40014 SET @OLD_FOREIGN_KEY_CHECKS=@@FOREIGN_KEY_CHECKS, FOREIGN_KEY_CHECKS=0 */;
/*!40101 SET @OLD_SQL_MODE=@@SQL_MODE, SQL_MODE='NO_AUTO_VALUE_ON_ZERO' */;
/*!40111 SET @OLD_SQL_NOTES=@@SQL_NOTES, SQL_NOTES=0 */;

DROP TABLE IF EXISTS `communities`;
CREATE TABLE `communities` (
  `id` int(10) unsigned NOT NULL AUTO_INCREMENT,
  `name` varchar(150) COLLATE utf8_unicode_ci NOT NULL,
  PRIMARY KEY (`id`),
  UNIQUE KEY `name` (`name`)
) ENGINE=InnoDB AUTO_INCREMENT=101 DEFAULT CHARSET=utf8 COLLATE=utf8_unicode_ci;

INSERT INTO `communities` VALUES ('59','a'),
('53','accusamus'),
('76','accusantium'),
('41','ad'),
('20','adipisci'),
('51','aspernatur'),
('25','assumenda'),
('37','aut'),
('64','autem'),
('7','beatae'),
('12','commodi'),
('6','consequatur'),
('50','culpa'),
('65','cum'),
('80','cupiditate'),
('67','debitis'),
('89','delectus'),
('66','deleniti'),
('16','dicta'),
('75','dignissimos'),
('10','dolor'),
('33','dolore'),
('47','dolorem'),
('30','doloremque'),
('57','doloribus'),
('61','ea'),
('82','earum'),
('9','eius'),
('60','enim'),
('3','esse'),
('15','est'),
('21','et'),
('54','eum'),
('34','eveniet'),
('31','ex'),
('46','expedita'),
('8','facere'),
('81','fuga'),
('79','fugiat'),
('23','harum'),
('26','illo'),
('49','illum'),
('84','incidunt'),
('27','inventore'),
('78','ipsa'),
('91','iure'),
('24','iusto'),
('73','laboriosam'),
('71','laudantium'),
('44','magnam'),
('74','magni'),
('99','maxime'),
('92','minima'),
('56','minus'),
('88','modi'),
('63','molestias'),
('62','mollitia'),
('29','nemo'),
('13','non'),
('96','nostrum'),
('17','occaecati'),
('48','omnis'),
('77','optio'),
('32','perferendis'),
('97','placeat'),
('90','porro'),
('85','possimus'),
('87','provident'),
('94','quam'),
('2','quas'),
('58','quasi'),
('4','qui'),
('22','quia'),
('68','quibusdam'),
('69','quidem'),
('86','quisquam'),
('55','quos'),
('45','recusandae'),
('18','reiciendis'),
('70','rem'),
('11','repellat'),
('39','repudiandae'),
('35','rerum'),
('36','sapiente'),
('5','sed'),
('38','similique'),
('43','sint'),
('83','sit'),
('14','sunt'),
('52','suscipit'),
('28','tempora'),
('19','tempore'),
('95','tenetur'),
('42','totam'),
('100','ut'),
('1','velit'),
('72','vero'),
('40','voluptatem'),
('98','voluptatibus'),
('93','voluptatum'); 


DROP TABLE IF EXISTS `communities_users`;
CREATE TABLE `communities_users` (
  `community_id` int(10) unsigned NOT NULL,
  `user_id` int(10) unsigned NOT NULL,
  PRIMARY KEY (`community_id`,`user_id`)
) ENGINE=InnoDB DEFAULT CHARSET=utf8 COLLATE=utf8_unicode_ci;

INSERT INTO `communities_users` VALUES ('1','1'),
('2','2'),
('3','3'),
('4','4'),
('5','5'),
('6','6'),
('7','7'),
('8','8'),
('9','9'),
('10','10'),
('11','11'),
('12','12'),
('13','13'),
('14','14'),
('15','15'),
('16','16'),
('17','17'),
('18','18'),
('19','19'),
('20','20'),
('21','21'),
('22','22'),
('23','23'),
('24','24'),
('25','25'),
('26','26'),
('27','27'),
('28','28'),
('29','29'),
('30','30'),
('31','31'),
('32','32'),
('33','33'),
('34','34'),
('35','35'),
('36','36'),
('37','37'),
('38','38'),
('39','39'),
('40','40'),
('41','41'),
('42','42'),
('43','43'),
('44','44'),
('45','45'),
('46','46'),
('47','47'),
('48','48'),
('49','49'),
('50','50'),
('51','51'),
('52','52'),
('53','53'),
('54','54'),
('55','55'),
('56','56'),
('57','57'),
('58','58'),
('59','59'),
('60','60'),
('61','61'),
('62','62'),
('63','63'),
('64','64'),
('65','65'),
('66','66'),
('67','67'),
('68','68'),
('69','69'),
('70','70'),
('71','71'),
('72','72'),
('73','73'),
('74','74'),
('75','75'),
('76','76'),
('77','77'),
('78','78'),
('79','79'),
('80','80'),
('81','81'),
('82','82'),
('83','83'),
('84','84'),
('85','85'),
('86','86'),
('87','87'),
('88','88'),
('89','89'),
('90','90'),
('91','91'),
('92','92'),
('93','93'),
('94','94'),
('95','95'),
('96','96'),
('97','97'),
('98','98'),
('99','99'),
('100','100'); 


DROP TABLE IF EXISTS `friendship`;
CREATE TABLE `friendship` (
  `user_id` int(10) unsigned NOT NULL,
  `friend_id` int(10) unsigned NOT NULL,
  `status_id` int(10) unsigned NOT NULL,
  `requested_at` datetime DEFAULT current_timestamp(),
  `confirmed_at` datetime DEFAULT NULL,
  PRIMARY KEY (`user_id`,`friend_id`)
) ENGINE=InnoDB DEFAULT CHARSET=utf8 COLLATE=utf8_unicode_ci;

INSERT INTO `friendship` VALUES ('1','1','1','2005-05-22 16:39:42','2010-01-05 12:28:24'),
('2','2','2','2004-07-29 06:46:34','1980-02-13 05:25:00'),
('3','3','3','1992-07-05 18:48:24','2002-01-17 17:09:53'),
('4','4','4','1982-04-19 00:30:07','1970-02-26 13:42:10'),
('5','5','5','2012-07-11 12:35:22','2015-05-06 01:12:26'),
('6','6','6','1986-10-29 04:57:31','1997-08-06 18:04:25'),
('7','7','7','1986-08-08 18:58:19','2011-10-17 01:20:09'),
('8','8','8','1990-01-21 08:17:06','2007-01-31 09:03:40'),
('9','9','9','2000-11-14 19:29:04','2007-08-29 04:21:19'),
('10','10','10','1997-12-01 21:36:52','2002-07-23 01:08:29'),
('11','11','11','1985-09-13 09:15:18','2007-01-21 14:28:15'),
('12','12','12','2002-01-29 12:12:38','1976-09-02 17:43:06'),
('13','13','13','2004-05-30 23:29:38','2001-11-21 00:47:02'),
('14','14','14','1985-07-17 15:42:51','1992-09-10 12:51:20'),
('15','15','15','1972-11-11 09:54:32','2009-09-28 04:21:46'),
('16','16','16','2009-11-03 16:29:24','2009-09-25 17:00:40'),
('17','17','17','1972-07-26 01:21:43','2014-08-20 03:09:32'),
('18','18','18','1974-01-09 09:04:51','1998-11-23 16:08:26'),
('19','19','19','2010-07-23 07:38:03','1977-01-23 21:34:50'),
('20','20','20','1985-12-31 01:24:13','1995-12-31 03:31:52'),
('21','21','21','1987-09-12 22:22:40','2020-01-03 14:40:17'),
('22','22','22','1979-09-08 04:10:24','2006-09-02 01:39:12'),
('23','23','23','2002-01-28 19:20:22','1995-12-23 15:38:17'),
('24','24','24','1983-07-23 14:30:35','1983-07-26 05:29:47'),
('25','25','25','2013-10-04 03:43:59','1992-03-05 08:09:48'),
('26','26','26','2017-04-13 16:19:14','2012-03-06 02:08:38'),
('27','27','27','2015-07-04 18:16:18','2005-03-03 16:33:51'),
('28','28','28','2003-03-22 05:06:24','2005-03-26 09:33:58'),
('29','29','29','1972-12-09 01:00:01','1996-02-07 17:18:30'),
('30','30','30','1974-12-10 23:29:08','1989-06-11 07:01:43'),
('31','31','31','1981-03-11 05:32:04','1991-01-12 19:38:44'),
('32','32','32','1986-05-05 03:10:01','2011-06-19 14:05:48'),
('33','33','33','1974-11-27 06:59:55','2015-06-10 13:27:26'),
('34','34','34','1998-12-19 13:49:48','1973-03-20 07:38:24'),
('35','35','35','2015-03-21 04:10:48','2015-03-15 00:39:33'),
('36','36','36','1972-08-21 04:45:30','1999-07-25 19:29:03'),
('37','37','37','1985-11-03 10:03:13','2019-06-09 08:05:50'),
('38','38','38','1984-07-24 22:29:13','2006-12-08 10:30:18'),
('39','39','39','2012-08-22 02:02:39','1989-06-03 09:01:10'),
('40','40','40','1991-04-19 21:07:24','2006-08-18 14:07:17'),
('41','41','41','1990-04-08 06:26:42','1978-01-01 19:38:48'),
('42','42','42','2010-03-24 22:00:51','1981-07-28 09:19:11'),
('43','43','43','1983-04-21 12:18:21','2018-02-13 12:17:35'),
('44','44','44','1983-10-04 05:51:41','1997-11-05 03:02:33'),
('45','45','45','1979-08-25 18:33:10','2018-04-11 00:34:42'),
('46','46','46','2008-12-02 20:02:33','1987-11-29 08:09:13'),
('47','47','47','2014-12-30 04:02:45','2001-05-05 19:45:33'),
('48','48','48','1972-01-12 16:42:09','1971-11-16 21:20:13'),
('49','49','49','2013-10-13 06:09:12','1994-11-30 02:38:26'),
('50','50','50','2020-03-11 06:58:02','1996-07-24 23:34:19'),
('51','51','51','2016-09-16 00:16:40','1990-09-27 05:08:27'),
('52','52','52','1997-09-28 23:24:39','1981-12-28 11:32:08'),
('53','53','53','1983-09-08 18:24:00','2005-11-03 23:56:46'),
('54','54','54','2008-06-03 11:00:18','2014-03-18 19:26:25'),
('55','55','55','1974-11-01 14:46:53','1973-12-24 22:39:08'),
('56','56','56','1993-11-15 21:16:30','1971-10-10 05:15:10'),
('57','57','57','1994-01-04 18:09:09','2003-09-25 13:01:36'),
('58','58','58','1999-11-04 04:34:14','2010-01-10 11:21:52'),
('59','59','59','1972-07-04 12:19:57','1988-10-21 00:07:41'),
('60','60','60','2008-11-20 21:20:56','2004-06-17 20:37:46'),
('61','61','61','1982-10-23 17:25:09','1983-07-24 13:43:17'),
('62','62','62','1988-10-16 04:43:25','2002-01-03 05:29:40'),
('63','63','63','1981-07-20 10:26:53','1989-09-24 05:46:18'),
('64','64','64','2004-02-03 13:52:36','1998-12-08 20:50:50'),
('65','65','65','1984-08-11 20:58:31','2010-02-22 22:00:16'),
('66','66','66','1975-02-26 04:56:18','1981-03-15 04:14:40'),
('67','67','67','2014-11-29 17:36:22','2003-09-12 04:59:21'),
('68','68','68','1987-10-06 04:57:11','1988-01-02 15:37:01'),
('69','69','69','2007-03-13 05:29:34','2017-09-04 09:13:40'),
('70','70','70','1975-11-13 13:16:16','1984-11-25 20:11:09'),
('71','71','71','1975-02-21 03:29:45','1990-06-07 20:19:09'),
('72','72','72','1971-01-12 16:07:30','2007-12-12 12:53:18'),
('73','73','73','2004-11-20 00:36:29','1975-02-26 22:02:36'),
('74','74','74','1977-12-03 12:35:31','1996-03-02 13:23:40'),
('75','75','75','1979-09-14 21:08:54','2012-01-01 15:34:46'),
('76','76','76','2004-09-16 20:59:12','2005-03-27 14:39:36'),
('77','77','77','1984-03-31 12:21:29','1990-03-19 08:58:14'),
('78','78','78','1984-08-21 04:10:08','2015-10-07 13:28:44'),
('79','79','79','1972-06-22 15:27:47','2004-06-28 05:51:59'),
('80','80','80','2006-03-30 09:27:54','1982-05-26 07:16:52'),
('81','81','81','1976-09-22 10:13:04','2009-06-28 08:51:05'),
('82','82','82','1976-06-19 19:23:05','1995-01-04 16:24:24'),
('83','83','83','2000-11-27 06:06:07','1972-10-25 09:34:07'),
('84','84','84','2012-12-23 21:55:40','2009-03-08 19:57:42'),
('85','85','85','1997-05-01 12:32:22','1988-03-19 05:35:57'),
('86','86','86','1993-05-30 12:54:24','2018-07-12 20:06:42'),
('87','87','87','1971-11-04 23:26:00','1999-06-14 14:26:22'),
('88','88','88','2012-06-17 11:50:32','2002-04-04 03:56:40'),
('89','89','89','1979-03-11 08:53:25','2008-11-08 00:53:10'),
('90','90','90','2016-10-02 04:09:18','1974-09-30 23:06:03'),
('91','91','91','2011-09-21 17:30:26','1989-07-04 11:57:05'),
('92','92','92','1970-08-30 06:48:58','2005-01-14 16:47:31'),
('93','93','93','2010-02-17 19:18:28','2002-06-12 05:19:44'),
('94','94','94','1995-04-24 22:31:36','2005-07-12 19:14:37'),
('95','95','95','2011-04-03 09:41:36','2019-01-06 01:21:28'),
('96','96','96','2018-03-08 17:31:32','1976-03-30 01:24:28'),
('97','97','97','1993-06-10 16:13:36','1989-09-22 20:20:05'),
('98','98','98','2008-12-16 08:17:54','1988-11-26 10:26:12'),
('99','99','99','1982-11-11 14:54:05','1970-01-30 02:18:29'),
('100','100','100','1974-12-08 15:52:35','1995-01-04 15:27:25'); 


DROP TABLE IF EXISTS `friendship_statuses`;
CREATE TABLE `friendship_statuses` (
  `id` int(10) unsigned NOT NULL AUTO_INCREMENT,
  `name` varchar(150) COLLATE utf8_unicode_ci NOT NULL,
  PRIMARY KEY (`id`),
  UNIQUE KEY `name` (`name`)
) ENGINE=InnoDB AUTO_INCREMENT=101 DEFAULT CHARSET=utf8 COLLATE=utf8_unicode_ci;

INSERT INTO `friendship_statuses` VALUES ('74','accusamus'),
('79','accusantium'),
('64','aliquid'),
('4','amet'),
('8','atque'),
('39','aut'),
('61','autem'),
('50','blanditiis'),
('51','consequatur'),
('48','cum'),
('17','cumque'),
('93','deleniti'),
('97','dignissimos'),
('75','dolor'),
('53','dolorem'),
('37','doloremque'),
('16','dolores'),
('65','dolorum'),
('25','ea'),
('63','earum'),
('66','eligendi'),
('60','enim'),
('20','esse'),
('67','est'),
('5','et'),
('23','eum'),
('98','eveniet'),
('72','ex'),
('77','excepturi'),
('78','explicabo'),
('62','facere'),
('56','fuga'),
('36','id'),
('91','illo'),
('12','illum'),
('45','impedit'),
('35','in'),
('70','incidunt'),
('80','ipsa'),
('86','ipsum'),
('84','itaque'),
('87','labore'),
('40','laboriosam'),
('32','laudantium'),
('9','libero'),
('89','magni'),
('28','minima'),
('43','minus'),
('27','molestiae'),
('21','mollitia'),
('95','nam'),
('15','natus'),
('73','necessitatibus'),
('33','nihil'),
('1','nisi'),
('44','nobis'),
('88','non'),
('22','nulla'),
('57','odio'),
('41','odit'),
('10','officiis'),
('49','omnis'),
('30','optio'),
('7','perspiciatis'),
('54','placeat'),
('11','porro'),
('85','possimus'),
('14','quae'),
('58','quaerat'),
('2','quam'),
('3','quas'),
('59','quasi'),
('47','qui'),
('55','quia'),
('81','quibusdam'),
('76','quis'),
('31','quisquam'),
('71','quo'),
('26','quod'),
('46','quos'),
('94','rem'),
('82','repellat'),
('92','repellendus'),
('90','repudiandae'),
('13','rerum'),
('24','saepe'),
('19','sint'),
('83','sit'),
('96','suscipit'),
('6','tempora'),
('34','temporibus'),
('69','totam'),
('29','unde'),
('42','ut'),
('18','vel'),
('100','veritatis'),
('99','vero'),
('68','voluptas'),
('52','voluptatem'),
('38','voluptatum'); 


DROP TABLE IF EXISTS `media`;
CREATE TABLE `media` (
  `id` int(10) unsigned NOT NULL AUTO_INCREMENT,
  `media_type_id` int(10) unsigned NOT NULL,
  `user_id` int(10) unsigned NOT NULL,
  `filename` varchar(255) COLLATE utf8_unicode_ci NOT NULL,
  `size` int(11) NOT NULL,
  `metadata` longtext CHARACTER SET utf8mb4 COLLATE utf8mb4_bin DEFAULT NULL,
  `created_at` datetime DEFAULT current_timestamp(),
  `updated_at` datetime DEFAULT current_timestamp() ON UPDATE current_timestamp(),
  PRIMARY KEY (`id`)
) ENGINE=InnoDB AUTO_INCREMENT=101 DEFAULT CHARSET=utf8 COLLATE=utf8_unicode_ci;

INSERT INTO `media` VALUES ('1','1','1','consequatur','630887',NULL,'2014-12-27 15:12:45','2015-05-17 06:52:08'),
('2','2','2','mollitia','0',NULL,'1992-07-21 02:22:11','1976-06-25 20:13:37'),
('3','3','3','et','17512622',NULL,'1981-09-12 18:04:25','1982-12-14 21:43:30'),
('4','4','4','veniam','6079069',NULL,'2020-04-09 17:26:35','1977-02-18 16:05:43'),
('5','5','5','at','0',NULL,'1983-10-28 04:56:58','2004-08-24 23:13:40'),
('6','6','6','aut','525217',NULL,'1977-05-02 15:09:12','1985-07-05 00:07:13'),
('7','7','7','amet','8159373',NULL,'1972-08-01 01:19:30','1979-12-31 00:48:05'),
('8','8','8','soluta','375561157',NULL,'2003-05-16 20:45:40','1999-07-20 17:12:18'),
('9','9','9','ad','8',NULL,'1985-02-28 03:00:14','1981-10-15 23:40:33'),
('10','10','10','a','44459',NULL,'2004-07-19 22:56:41','2011-05-20 13:30:25'),
('11','11','11','iste','34',NULL,'2003-07-21 23:50:06','1987-09-17 15:42:26'),
('12','12','12','reprehenderit','9067037',NULL,'1990-05-17 04:17:22','2013-11-20 05:41:05'),
('13','13','13','atque','5149',NULL,'1985-10-04 04:52:22','1978-06-01 09:11:08'),
('14','14','14','est','23190006',NULL,'2013-02-02 12:31:33','1976-08-06 01:26:34'),
('15','15','15','sequi','0',NULL,'2001-11-08 19:56:36','1999-10-26 02:46:35'),
('16','16','16','est','47531113',NULL,'2009-05-06 09:09:35','1987-04-18 22:08:41'),
('17','17','17','ea','653383033',NULL,'2011-04-24 21:29:44','1995-05-17 09:40:19'),
('18','18','18','quae','0',NULL,'1997-04-23 08:18:53','2001-04-07 09:01:44'),
('19','19','19','et','71752',NULL,'1998-11-17 17:07:34','2016-10-15 12:56:05'),
('20','20','20','laudantium','59',NULL,'1995-12-17 12:16:44','1973-05-13 02:03:00'),
('21','21','21','nulla','0',NULL,'1999-02-14 09:49:40','1975-08-17 08:24:58'),
('22','22','22','consectetur','44075',NULL,'2017-03-01 08:18:40','1973-08-04 00:47:24'),
('23','23','23','dolore','8911',NULL,'1985-03-10 07:47:19','1975-02-07 01:00:01'),
('24','24','24','eos','0',NULL,'1993-04-11 23:26:20','1976-01-16 21:01:33'),
('25','25','25','esse','56995',NULL,'1974-09-23 01:54:34','2005-10-12 06:34:38'),
('26','26','26','eveniet','0',NULL,'1975-06-02 15:05:25','1974-05-18 01:11:36'),
('27','27','27','maxime','313212',NULL,'1996-07-02 18:21:43','1975-06-24 07:03:03'),
('28','28','28','autem','7372',NULL,'1970-05-07 05:51:31','1987-10-15 22:30:47'),
('29','29','29','laborum','9',NULL,'1980-12-30 03:35:39','2011-10-24 00:41:43'),
('30','30','30','cum','2124',NULL,'1991-08-17 05:11:40','2012-02-27 09:18:43'),
('31','31','31','est','81361545',NULL,'1971-12-27 16:43:04','1990-11-20 01:56:03'),
('32','32','32','culpa','94225325',NULL,'1991-06-11 14:42:05','1982-05-27 01:53:29'),
('33','33','33','aut','4771',NULL,'1995-07-22 00:11:58','1993-02-07 06:40:13'),
('34','34','34','aliquid','8641',NULL,'2018-02-01 01:09:11','1973-03-27 14:44:27'),
('35','35','35','qui','0',NULL,'2016-02-12 18:30:54','2014-09-30 23:37:46'),
('36','36','36','qui','388670',NULL,'1975-06-11 08:40:45','2012-08-10 18:03:46'),
('37','37','37','voluptatem','5',NULL,'1978-06-18 08:39:15','2010-03-12 23:39:31'),
('38','38','38','et','3',NULL,'2019-03-15 20:19:57','1974-01-15 15:10:29'),
('39','39','39','sint','862',NULL,'1993-12-02 15:27:10','2017-04-17 21:41:52'),
('40','40','40','iure','56',NULL,'1998-08-08 01:53:42','1979-08-10 13:39:05'),
('41','41','41','aut','4889',NULL,'2000-01-06 05:12:51','1976-02-15 05:03:57'),
('42','42','42','vel','9982',NULL,'1976-04-10 06:47:51','2014-06-20 17:23:40'),
('43','43','43','similique','27904',NULL,'1996-05-28 20:43:52','2019-06-26 22:32:12'),
('44','44','44','ut','62639393',NULL,'2016-08-20 17:19:28','2002-08-22 09:16:13'),
('45','45','45','fugiat','26',NULL,'1974-07-14 09:02:06','2004-09-29 20:45:46'),
('46','46','46','et','4034474',NULL,'1988-10-19 05:23:50','2011-09-24 06:45:04'),
('47','47','47','expedita','484387932',NULL,'1993-03-19 08:48:55','1987-07-22 09:50:35'),
('48','48','48','magni','5',NULL,'1987-03-18 14:58:10','2005-01-16 16:31:10'),
('49','49','49','error','1',NULL,'1977-05-20 21:44:50','2017-02-07 05:07:09'),
('50','50','50','deleniti','9',NULL,'1974-05-11 20:02:47','2008-09-24 05:10:55'),
('51','51','51','enim','8',NULL,'2006-07-31 19:10:26','1975-08-25 01:21:52'),
('52','52','52','adipisci','0',NULL,'1996-06-05 07:50:37','1985-08-05 17:32:00'),
('53','53','53','veniam','4328740',NULL,'1985-11-16 14:36:32','2016-09-19 22:33:18'),
('54','54','54','occaecati','0',NULL,'1993-07-19 16:18:38','2014-01-02 09:36:36'),
('55','55','55','deleniti','9',NULL,'2008-12-26 07:29:27','2019-06-23 15:58:23'),
('56','56','56','alias','3',NULL,'1985-11-17 12:04:36','1995-01-27 11:15:33'),
('57','57','57','culpa','33',NULL,'1978-08-31 15:38:13','1972-09-29 07:29:50'),
('58','58','58','porro','0',NULL,'1972-04-18 18:11:00','1997-05-01 02:40:38'),
('59','59','59','quasi','599581290',NULL,'1975-06-25 11:02:19','1980-09-17 09:41:37'),
('60','60','60','tempore','860765',NULL,'1995-07-21 21:13:18','2014-05-31 11:18:09'),
('61','61','61','et','8512',NULL,'1998-11-20 20:22:17','1972-08-23 13:44:24'),
('62','62','62','eum','0',NULL,'2014-10-24 07:41:26','1994-09-21 19:50:18'),
('63','63','63','commodi','191480508',NULL,'2018-06-06 07:08:51','2002-02-22 06:39:42'),
('64','64','64','impedit','51',NULL,'2019-04-30 08:05:23','1970-07-02 16:45:56'),
('65','65','65','error','562205',NULL,'2012-11-29 03:00:42','1979-10-01 19:41:36'),
('66','66','66','ipsam','77',NULL,'2017-02-08 19:55:22','2013-07-10 12:11:45'),
('67','67','67','qui','4242',NULL,'2006-10-12 23:21:43','1971-09-21 09:58:01'),
('68','68','68','hic','754118',NULL,'1984-07-09 15:42:59','1995-08-08 02:50:09'),
('69','69','69','autem','754650213',NULL,'1972-07-02 18:58:31','2013-05-07 06:06:11'),
('70','70','70','quod','0',NULL,'2002-05-25 08:03:51','2011-08-24 13:23:25'),
('71','71','71','dolore','9',NULL,'2019-08-28 01:05:04','1990-07-27 00:38:52'),
('72','72','72','dignissimos','80757689',NULL,'2020-03-04 19:41:45','1985-01-30 13:58:25'),
('73','73','73','maiores','9435810',NULL,'2006-02-14 09:10:50','2018-08-26 01:56:03'),
('74','74','74','in','9023',NULL,'2004-09-26 05:44:29','2009-03-10 06:18:54'),
('75','75','75','assumenda','0',NULL,'2006-11-07 11:13:40','1992-11-03 20:14:56'),
('76','76','76','neque','7450387',NULL,'2007-01-21 07:07:32','1991-05-27 17:56:31'),
('77','77','77','blanditiis','0',NULL,'1996-09-19 00:30:53','1972-03-09 03:25:00'),
('78','78','78','officiis','0',NULL,'1977-01-24 18:42:33','1991-10-25 13:19:06'),
('79','79','79','explicabo','23',NULL,'2006-10-14 22:15:35','2000-04-25 08:43:21'),
('80','80','80','quae','4875',NULL,'2009-10-29 03:10:58','1987-11-26 14:08:30'),
('81','81','81','est','240833563',NULL,'1984-06-07 05:50:23','1980-12-15 05:08:54'),
('82','82','82','et','29',NULL,'1974-09-03 18:14:31','1998-05-23 07:39:39'),
('83','83','83','unde','592',NULL,'1981-05-16 16:17:32','2001-01-08 12:36:31'),
('84','84','84','quaerat','90903087',NULL,'1979-06-07 08:50:11','1999-09-20 09:40:38'),
('85','85','85','quaerat','3544192',NULL,'1983-06-11 14:16:41','1973-01-24 21:10:37'),
('86','86','86','velit','526',NULL,'1993-03-14 04:51:19','2016-05-31 03:27:43'),
('87','87','87','non','0',NULL,'1988-04-05 18:04:04','1999-11-25 16:18:30'),
('88','88','88','tempore','513172',NULL,'1986-08-14 23:49:03','1972-12-03 14:04:00'),
('89','89','89','reprehenderit','2652185',NULL,'2017-08-22 08:41:12','2000-10-02 22:47:06'),
('90','90','90','odio','89',NULL,'2017-03-22 22:04:25','1976-02-13 11:49:16'),
('91','91','91','sed','3392583',NULL,'1998-04-22 14:23:33','2018-07-09 23:24:10'),
('92','92','92','pariatur','4018',NULL,'2007-10-15 05:40:54','2002-07-13 06:08:14'),
('93','93','93','sed','879',NULL,'1979-08-22 02:26:03','2010-05-12 20:39:41'),
('94','94','94','placeat','0',NULL,'1989-09-08 17:24:17','2013-08-08 14:17:41'),
('95','95','95','deleniti','113179',NULL,'2000-10-13 09:11:18','1998-02-08 16:59:02'),
('96','96','96','provident','950521',NULL,'2020-02-15 00:01:16','1976-10-15 04:36:23'),
('97','97','97','qui','29548291',NULL,'1986-01-10 05:31:11','1977-08-25 04:43:44'),
('98','98','98','sint','62158',NULL,'1972-03-15 18:44:12','2002-11-27 08:45:07'),
('99','99','99','omnis','41426',NULL,'1983-12-16 13:11:45','1983-09-28 23:28:02'),
('100','100','100','quod','8',NULL,'1982-12-30 08:21:27','2002-03-03 06:31:56'); 


DROP TABLE IF EXISTS `media_types`;
CREATE TABLE `media_types` (
  `id` int(10) unsigned NOT NULL AUTO_INCREMENT,
  `name` varchar(255) COLLATE utf8_unicode_ci NOT NULL,
  PRIMARY KEY (`id`),
  UNIQUE KEY `name` (`name`)
) ENGINE=InnoDB AUTO_INCREMENT=101 DEFAULT CHARSET=utf8 COLLATE=utf8_unicode_ci;

INSERT INTO `media_types` VALUES ('4','accusantium'),
('44','aliquam'),
('37','aperiam'),
('95','aspernatur'),
('48','assumenda'),
('75','atque'),
('71','aut'),
('100','autem'),
('32','beatae'),
('84','commodi'),
('80','consequatur'),
('10','corporis'),
('89','cumque'),
('59','deleniti'),
('70','dicta'),
('67','dolor'),
('40','dolore'),
('79','dolores'),
('53','doloribus'),
('60','ea'),
('90','eaque'),
('31','earum'),
('51','eius'),
('52','eos'),
('8','est'),
('24','et'),
('97','eum'),
('39','eveniet'),
('91','ex'),
('83','excepturi'),
('5','exercitationem'),
('25','explicabo'),
('63','facere'),
('72','fuga'),
('41','fugit'),
('54','illo'),
('3','illum'),
('23','impedit'),
('73','incidunt'),
('99','ipsum'),
('50','iusto'),
('93','labore'),
('74','laboriosam'),
('9','laborum'),
('81','laudantium'),
('14','magnam'),
('56','modi'),
('6','molestiae'),
('86','nam'),
('76','nemo'),
('85','nesciunt'),
('19','nihil'),
('58','nobis'),
('35','non'),
('1','nulla'),
('64','officia'),
('66','officiis'),
('94','omnis'),
('45','pariatur'),
('68','possimus'),
('61','praesentium'),
('88','provident'),
('78','quaerat'),
('2','quas'),
('92','quasi'),
('13','qui'),
('18','quia'),
('12','quidem'),
('43','quis'),
('49','quo'),
('22','quod'),
('96','quos'),
('57','ratione'),
('46','rem'),
('33','repellendus'),
('62','reprehenderit'),
('29','repudiandae'),
('30','rerum'),
('38','saepe'),
('28','sed'),
('77','sint'),
('42','sit'),
('69','soluta'),
('26','sunt'),
('36','suscipit'),
('27','tempore'),
('20','temporibus'),
('65','totam'),
('11','unde'),
('17','ut'),
('82','vel'),
('16','velit'),
('47','veniam'),
('87','vero'),
('98','vitae'),
('15','voluptas'),
('55','voluptate'),
('7','voluptatem'),
('34','voluptates'),
('21','voluptatibus'); 


DROP TABLE IF EXISTS `messages`;
CREATE TABLE `messages` (
  `id` int(10) unsigned NOT NULL AUTO_INCREMENT,
  `from_user_id` int(10) unsigned NOT NULL,
  `to_user_id` int(10) unsigned NOT NULL,
  `community_id` int(10) unsigned NOT NULL,
  `body` text COLLATE utf8_unicode_ci NOT NULL,
  `is_important` tinyint(1) DEFAULT NULL,
  `is_delivered` tinyint(1) DEFAULT NULL,
  `created_at` datetime DEFAULT current_timestamp(),
  PRIMARY KEY (`id`)
) ENGINE=InnoDB AUTO_INCREMENT=101 DEFAULT CHARSET=utf8 COLLATE=utf8_unicode_ci;

INSERT INTO `messages` VALUES ('1','1','1','1','Molestiae recusandae saepe eum consequatur nemo. Explicabo libero magni voluptatem maxime et mollitia consequatur. Sequi unde qui provident dolore dolorum.','0','1','2018-02-21 04:12:19'),
('2','2','2','2','Tempore non veniam sint ipsam. Et corporis excepturi ab eligendi qui. Et similique quae commodi iure odit repellendus dolores.','0','1','1990-03-18 04:09:43'),
('3','3','3','3','Animi distinctio magnam qui aut ex et impedit. Nemo libero minima architecto asperiores adipisci hic. Non tempore recusandae sunt aperiam est dolorem. Nostrum nihil itaque sed deleniti.','1','0','2009-06-05 17:52:31'),
('4','4','4','4','Quisquam praesentium et voluptatem. Similique voluptatem voluptatem enim facilis aut eligendi voluptatum eum. Dolorem et est autem officia doloremque. Ea omnis quis rem neque ut et.','1','1','1990-09-22 23:22:31'),
('5','5','5','5','Consectetur eos dolor est sed modi eaque autem. Quam praesentium eveniet assumenda neque. Non porro nulla porro magni quibusdam nihil molestiae ut. Adipisci consequatur ipsa molestias minima.','1','0','2003-12-19 19:16:28'),
('6','6','6','6','Itaque ab vel est sed minus error molestiae quisquam. Voluptatem fugit vitae pariatur dolorum quaerat. Est similique quam sed cumque omnis at. Ipsum porro iure reprehenderit pariatur soluta quas eaque.','1','1','1994-01-24 12:13:03'),
('7','7','7','7','Minus deleniti eaque dolorum. Placeat consequatur similique qui autem sunt dolor consectetur. Mollitia dolores sunt quia voluptatem quasi.','1','0','1982-11-05 07:52:35'),
('8','8','8','8','Voluptatem soluta magni sit unde suscipit qui voluptatem quis. Aliquid consequatur dolores nisi. Sunt sit iusto ipsum corporis.','0','1','1981-07-11 09:29:10'),
('9','9','9','9','At veniam labore sint sunt ipsum voluptate. Asperiores expedita reiciendis rerum mollitia ipsam et. Dolore minima quidem neque nihil dolorum tempora possimus. Excepturi maiores molestias et quia placeat accusantium facere veritatis. Adipisci amet quis iure eum rerum assumenda est.','0','1','1993-07-28 14:29:42'),
('10','10','10','10','Minus harum hic illum unde et nobis ratione. Veniam accusamus minus dolores voluptas. Unde natus sed est qui dolorem cumque.','1','0','1981-09-17 18:36:00'),
('11','11','11','11','Vel nobis ducimus est eos praesentium consequatur. Hic ex officiis illo. Soluta vero iure quae non numquam. Minus praesentium sed ut quasi.','0','1','1994-02-14 05:33:06'),
('12','12','12','12','Quia ipsum quia cum voluptatibus autem vitae dicta rerum. Esse recusandae laborum deleniti delectus accusamus ut et. Et velit dolorum et.','0','0','1971-04-16 09:58:48'),
('13','13','13','13','Molestiae aut et hic qui. Suscipit suscipit magni quia provident quod eum numquam quibusdam. Rem et sunt alias ut. Sequi qui dolorum nobis tenetur quia rerum corporis sed.','0','0','1978-03-17 11:58:32'),
('14','14','14','14','Ipsam libero sapiente ipsum dolorem tempora perferendis reiciendis. Cumque vel laborum harum earum eveniet soluta vero. Dolorem illum atque magni suscipit ut sint vel deleniti. Quia ducimus eligendi facilis ratione architecto ullam qui.','1','1','2000-03-25 17:14:22'),
('15','15','15','15','Dolores qui dignissimos tenetur laborum qui. Deleniti voluptatem numquam veritatis autem unde aut. Illum sed quaerat et quod et.','0','1','2007-03-29 01:27:52'),
('16','16','16','16','Molestias nostrum et dolore itaque esse quia. Aut amet aut optio aut dolorum. Qui explicabo et blanditiis in quo assumenda error.','0','1','2016-10-07 12:16:49'),
('17','17','17','17','Illum quasi laudantium enim alias aliquid magnam dolor. Itaque aut debitis illum eos eum voluptatem.','0','1','1972-09-05 08:51:34'),
('18','18','18','18','Eveniet possimus commodi dolorem odit. Itaque minima odit temporibus animi. Modi mollitia mollitia quo. Eaque et autem molestiae cupiditate earum. Quidem dolores quo mollitia dolor.','1','0','2018-03-14 22:59:49'),
('19','19','19','19','Minima non iusto saepe facilis corporis voluptates. Et perspiciatis aperiam sit molestias aut sunt. Eligendi ducimus voluptatum accusantium nesciunt nulla id saepe dolorum.','1','0','1986-04-02 21:41:49'),
('20','20','20','20','Cum voluptas sed amet voluptate necessitatibus exercitationem. Et rerum veritatis quisquam fugiat dolorem. Consequatur perspiciatis harum rerum et consequatur aperiam. Enim rerum cupiditate harum dolorum ipsa eius.','0','1','2014-12-01 01:49:28'),
('21','21','21','21','Esse omnis quam magni odio vitae quae est. Ut aut doloremque odio. Assumenda autem rerum ut. Dolorum aliquid accusamus totam debitis alias hic.','0','1','1989-03-06 06:42:41'),
('22','22','22','22','Sed enim modi quisquam ducimus in fugiat maiores. Labore qui est necessitatibus. Sit nisi quia corrupti quia excepturi est nihil autem. Enim perspiciatis quisquam et.','1','1','2004-07-05 00:46:20'),
('23','23','23','23','Dignissimos quidem blanditiis eum tenetur similique. Mollitia odit totam libero recusandae quis. Est dolor velit repudiandae possimus dolores asperiores quos.','0','0','1997-04-12 20:46:01'),
('24','24','24','24','Sapiente molestias in ab vel quia unde. Temporibus illum optio nam et et.','0','1','2012-03-06 20:23:38'),
('25','25','25','25','Quasi praesentium id sunt autem porro exercitationem. Et doloremque rem odit asperiores quae modi. Debitis blanditiis iure qui aliquid illum eum ad.','0','1','1979-06-10 13:40:07'),
('26','26','26','26','Accusamus placeat exercitationem praesentium odit hic. Vel ut consequatur dolorem est facere modi qui. Suscipit assumenda non odio a sit. Incidunt quas enim earum eligendi omnis vel quia. Aut rem et et iste nobis eos ut.','0','0','1982-04-12 02:23:06'),
('27','27','27','27','Facere voluptatem deleniti doloremque aut. Sint nihil nulla animi et. Ducimus sit maxime ut eveniet.','1','1','1975-12-17 00:06:55'),
('28','28','28','28','Quidem laborum fugiat nulla corrupti dolorum ut. Expedita consequatur nihil error error quo odio dolore aut. Et autem sint veniam est consectetur ipsam.','0','0','1986-03-12 02:55:05'),
('29','29','29','29','Cumque sit quaerat voluptas omnis. Fugiat et odio quia in. Vitae molestiae alias facilis in cupiditate sapiente excepturi.','0','0','1997-02-20 23:20:50'),
('30','30','30','30','Odit est voluptatem quae quia unde perspiciatis dignissimos. Deleniti cupiditate dicta et non rem voluptatibus iusto.','0','0','1971-11-16 03:23:40'),
('31','31','31','31','Voluptatem eaque quod voluptatem beatae quaerat debitis. Voluptatem aliquam sit et sapiente et aperiam velit ullam. Id qui pariatur corporis. Occaecati accusantium et beatae molestiae qui architecto.','1','0','1985-11-11 14:50:43'),
('32','32','32','32','Quia aliquam voluptatem ut ut vitae ratione reiciendis. Ut perferendis minima optio. Eum ut ea et vero molestiae repellat dolorem et. Quis voluptatibus neque reiciendis est.','1','0','1970-03-28 12:53:48'),
('33','33','33','33','Esse soluta minus eaque beatae voluptatibus. Sint dolore quas praesentium et quia ex quam. Non aspernatur enim qui non ea sint ipsa.','1','0','1986-07-24 20:13:05'),
('34','34','34','34','Aliquam aspernatur omnis nostrum temporibus repudiandae fugit. Necessitatibus suscipit officia accusamus omnis. Voluptate totam quam ratione qui et repudiandae. Nemo omnis soluta culpa velit sed.','0','0','1972-07-07 05:20:13'),
('35','35','35','35','Ex sint repellat quasi fugit quidem similique doloribus. Aliquid vel sapiente nesciunt vero quod totam et. Quisquam doloribus consequatur deleniti officia et laudantium vel. Est quibusdam rerum quia culpa dolor. Perferendis sit perferendis qui ab et natus quia incidunt.','1','1','2019-07-23 09:36:06'),
('36','36','36','36','A accusantium qui velit dolore harum est. Sint omnis aliquid maiores id cupiditate consequatur. Qui molestiae et aliquid qui asperiores deserunt. Impedit tenetur dolore magnam distinctio amet vel.','1','1','1974-03-21 01:12:05'),
('37','37','37','37','Aliquam blanditiis ipsum sed. Qui ducimus asperiores recusandae qui vitae a quia. Repudiandae ipsam quis soluta cupiditate.','1','0','1992-08-27 00:59:07'),
('38','38','38','38','A magnam provident est facilis laboriosam. Doloribus aut et reiciendis corporis eum autem ratione. Esse nostrum exercitationem consequuntur.','0','1','2020-03-03 11:43:19'),
('39','39','39','39','Adipisci consequatur laborum voluptas magni non in nihil. Vel qui est sapiente expedita enim. Voluptates repellendus magni optio voluptas. Optio aut aut rem nihil soluta possimus. Sint minus officia enim iure placeat similique.','1','1','2017-04-18 09:17:41'),
('40','40','40','40','Excepturi ipsam saepe est et minus. Eos distinctio quaerat nostrum sequi rerum perferendis molestiae. Numquam non quidem iusto quos ut aut repudiandae. Distinctio omnis expedita molestias non rerum ab qui.','0','1','1985-05-05 13:06:54'),
('41','41','41','41','Illum qui rem ad est velit veritatis. Quo sit quos ut rerum architecto autem. Soluta eum accusamus in et ab tempora exercitationem.','0','1','2015-04-24 01:01:24'),
('42','42','42','42','Veniam illo nihil possimus et suscipit quibusdam velit. A suscipit sequi ea eos tempora. Aut sapiente qui dolores nisi quaerat. Est quam odit itaque corporis deserunt.','1','1','2017-08-02 09:10:54'),
('43','43','43','43','Et quis facilis saepe nostrum molestiae. Quo doloremque voluptatem eum autem illo iure. Eum aut rem est nihil adipisci. Tempora qui earum animi qui et officia officiis.','0','1','1988-08-06 10:02:56'),
('44','44','44','44','Sit sit a aut dolores. Expedita tempore est deserunt ipsum eum nulla.','0','0','2018-09-06 13:48:14'),
('45','45','45','45','Odit sequi dignissimos sit architecto. Odit nam laudantium repudiandae tenetur accusantium aut cum. Laboriosam sit sed sint aperiam ab voluptatem.','0','1','1997-05-09 22:24:41'),
('46','46','46','46','Doloribus alias voluptatem alias voluptate ut quia dolores. Suscipit ab iure aut expedita dolor molestias. Eos dolores dignissimos nisi et excepturi. In qui quod eum sit excepturi.','0','0','1983-05-03 01:20:35'),
('47','47','47','47','Modi eum itaque quas amet. In libero provident dignissimos explicabo consectetur totam. Est dolorem doloremque sequi eum recusandae aut. Aut et voluptatem magni illo cum ut voluptas. Tempora fugit ab perspiciatis eum placeat est.','1','0','2010-09-06 14:58:25'),
('48','48','48','48','Adipisci excepturi et sapiente. Inventore voluptatem voluptatem et veniam. Rerum soluta ut libero cumque rerum ab rerum. Fugiat quibusdam distinctio quis eius quam aspernatur.','0','1','1984-10-19 01:15:28'),
('49','49','49','49','Et laudantium fuga sit autem adipisci. Eos debitis tempora maxime velit dolor.','1','0','2002-03-08 10:42:48'),
('50','50','50','50','Ducimus et voluptatem quasi a. Quisquam sunt aut commodi aliquid maiores. Ut id pariatur iste saepe eveniet blanditiis tempore.','1','0','1974-08-14 09:47:25'),
('51','51','51','51','Ea voluptatibus a voluptatibus et asperiores ut. Corrupti voluptatibus repellendus et ratione. Soluta rerum aut aut hic distinctio. Adipisci praesentium non voluptas alias omnis est natus.','1','0','2007-12-26 10:34:14'),
('52','52','52','52','Distinctio unde nisi sed ut impedit nihil tenetur. Voluptatem voluptates aut itaque dolor consectetur ut voluptatibus. Reiciendis eaque laborum debitis omnis nesciunt.','0','1','1987-03-20 15:12:17'),
('53','53','53','53','Molestiae et maxime esse quia. Quisquam quasi tempore sunt perspiciatis est. Animi dolor aut quasi vel illum molestiae optio id.','1','0','1981-05-24 03:19:05'),
('54','54','54','54','Id aliquid est est saepe aut autem aliquam natus. Voluptates omnis enim eius. Accusantium ratione aliquam aut itaque facere distinctio adipisci.','0','0','2014-04-22 16:51:50'),
('55','55','55','55','Consequuntur tempora molestiae voluptates quam neque. Et veritatis unde sed nemo et in.','1','1','1974-03-05 07:39:15'),
('56','56','56','56','Exercitationem velit sequi at dolores ea. Facilis et ut quod praesentium. Ut alias nisi consequatur amet error vero sint.','0','0','2005-12-02 23:35:43'),
('57','57','57','57','Aut voluptatem est nemo asperiores. Quos quae ab consectetur laborum.','0','0','2001-09-07 05:58:23'),
('58','58','58','58','Atque doloribus provident sit et quia. Laudantium sed corporis beatae quas. Sit doloribus perferendis nisi sint omnis.','1','0','1980-10-04 18:00:53'),
('59','59','59','59','Doloribus dicta earum quae natus quisquam. Illo voluptas cum vel. Et dicta officiis excepturi inventore reprehenderit consequatur.','1','1','1995-10-08 10:36:20'),
('60','60','60','60','Nulla quasi suscipit id quam velit in. Facilis unde excepturi libero veritatis beatae officiis possimus. Nobis corrupti qui consequatur distinctio. Aut eum fugit consequuntur amet tempora. Non tenetur dicta ut voluptatem.','1','1','1975-03-18 06:30:22'),
('61','61','61','61','Sit tempora corporis libero repudiandae sint sunt illum. Fugit est qui itaque labore. Alias ut officia consectetur quod ducimus. Praesentium cupiditate necessitatibus consequatur asperiores autem nemo ducimus.','0','0','2018-04-01 06:52:07'),
('62','62','62','62','Et similique et veritatis. Libero sit ducimus beatae ipsam. Aut debitis incidunt eum perferendis at voluptates. Animi non neque voluptatem qui quod animi.','0','0','1971-11-29 23:59:30'),
('63','63','63','63','Corporis et qui fuga quis ea dolorem veritatis. Exercitationem facere nostrum hic. Vitae cum ut aliquid possimus quasi.','1','1','1998-03-31 12:45:19'),
('64','64','64','64','Nihil necessitatibus cupiditate ducimus eius sint. Omnis et voluptas et voluptatibus dolores eaque est. Eius voluptatem ipsam aut itaque nihil porro voluptatem corporis. Voluptatem cum adipisci porro.','0','1','2011-09-28 17:16:55'),
('65','65','65','65','Repellat provident quasi ipsa. Similique eos eaque eaque delectus quas nemo. Sed qui mollitia soluta in et et aut. Sint possimus et voluptas ad dolor cupiditate omnis enim.','1','1','1980-06-09 06:13:02'),
('66','66','66','66','Dolore atque iste reiciendis aut. Libero accusantium provident nisi culpa rerum. Expedita nostrum quaerat necessitatibus recusandae possimus.','1','1','2017-06-16 23:38:44'),
('67','67','67','67','Quod facilis quia enim. Modi numquam eius perferendis numquam. Quae ad facilis non in esse. Cum quia doloremque molestias iste rerum cum.','1','1','1978-05-29 06:46:22'),
('68','68','68','68','Odio cumque odio totam voluptatibus. Natus omnis consequatur occaecati voluptas molestias ut adipisci. Id totam voluptatem quos aut perspiciatis.','0','1','1984-01-20 10:09:50'),
('69','69','69','69','Molestiae placeat nihil excepturi libero quasi omnis architecto et. Eum possimus facilis consequatur necessitatibus veniam doloremque error facere. Aperiam quos porro a quia ea.','0','1','1973-10-02 05:50:01'),
('70','70','70','70','Sint dolor amet commodi. Atque id porro pariatur exercitationem. Asperiores dicta beatae consequatur et eos. Maiores aliquid non ea.','0','1','1988-04-12 14:47:52'),
('71','71','71','71','Accusantium veniam et dolor aliquam. Porro eos facere illum reiciendis sed. Omnis soluta nisi aspernatur ea. Aspernatur dolorum quia quia consequatur sit earum nostrum.','1','1','1985-02-08 03:32:07'),
('72','72','72','72','Sed eaque assumenda qui porro molestiae qui esse impedit. Vel asperiores doloremque non illum sint. Doloremque magnam et veniam non.','1','0','2002-12-10 00:15:47'),
('73','73','73','73','Dolore amet vitae ab ut sed expedita. Aut culpa sit eos vero possimus sed quis sit. Voluptatem optio facere omnis ut mollitia assumenda ut voluptates.','1','1','1993-10-26 02:43:30'),
('74','74','74','74','Voluptate est officiis distinctio quo reprehenderit. Placeat distinctio sit unde accusantium exercitationem dicta voluptatem. Excepturi laudantium alias consequuntur nisi vel.','1','0','2007-09-01 14:26:38'),
('75','75','75','75','Nulla porro ullam iure autem. Qui quidem non in nesciunt nobis. Eaque voluptas ut officia ut recusandae rerum. Deleniti fuga dolores exercitationem quis sapiente error qui. Molestias quia corporis qui dolor nemo.','1','0','2001-08-10 04:28:28'),
('76','76','76','76','Saepe et non sint nihil laboriosam. Beatae quasi nihil voluptatum vel voluptatem. Dolore ullam ipsa sint sequi omnis deserunt sequi pariatur.','0','1','1993-01-18 21:14:37'),
('77','77','77','77','Dolor quos quia nulla. Doloremque libero illo tempora sed molestiae. Quidem fugit blanditiis vel id.','1','0','1975-11-26 05:04:28'),
('78','78','78','78','Eos itaque nobis sequi illum. Iste dignissimos doloremque qui perferendis. Fugiat ducimus eos qui dolores a. Enim non deleniti alias aut pariatur saepe rerum ipsum.','0','1','1991-09-08 02:42:21'),
('79','79','79','79','Voluptas ea cumque aliquid. Voluptate voluptate in qui dolor tempora. Libero delectus tenetur quia nihil consectetur reiciendis minima. Iste illo temporibus quam natus aliquid est.','0','0','1998-12-19 11:41:11'),
('80','80','80','80','Soluta aut animi eum eaque. Facere nulla sit debitis quia non. Unde quisquam nihil ipsum. Ad praesentium et accusamus aspernatur.','0','0','1989-12-14 10:07:21'),
('81','81','81','81','Reprehenderit est suscipit qui voluptas. Sunt rerum labore vel est delectus quam. Placeat hic mollitia vitae earum suscipit nihil corrupti. Dicta doloremque illo vitae iure quia.','1','0','1971-10-12 00:47:45'),
('82','82','82','82','Incidunt alias voluptatum error accusamus sunt. Nobis est vero dolorum minus at.','0','0','1972-07-06 06:57:50'),
('83','83','83','83','Et dolor nulla natus odit expedita. Iure dolores consequatur totam non in consequatur distinctio. Vel consectetur perspiciatis magni dolorem natus.','0','1','1982-01-29 19:39:21'),
('84','84','84','84','Sunt totam voluptatem voluptatem nemo distinctio velit consectetur natus. Optio vitae animi placeat voluptas iure minima delectus consectetur. Temporibus et fugit est recusandae temporibus rerum tempore. Et natus minus quod eius.','1','0','1979-08-01 19:32:37'),
('85','85','85','85','Accusamus atque in ut ut quas officia aut vero. Cumque aliquam ea consequatur occaecati sequi. Consequatur quisquam recusandae quidem autem quis.','1','0','1998-07-03 19:05:21'),
('86','86','86','86','Ut doloremque consequatur ex voluptas consectetur. Qui placeat quo tenetur aut minima ad eum. Impedit et esse consequatur sed recusandae. Hic voluptatem rem enim sapiente laborum.','1','1','1986-11-21 13:11:29'),
('87','87','87','87','Et qui architecto non suscipit vero accusamus sed. Et voluptatem officia ad. Dolor ea quod ipsum aut.','1','1','1985-05-17 03:37:26'),
('88','88','88','88','Cum et quis nam minus occaecati voluptatem. Deleniti aliquam excepturi veniam qui. Molestiae nihil sit voluptas enim asperiores. Optio modi et iure ea et corporis.','0','1','1983-05-29 06:17:43'),
('89','89','89','89','Eos qui culpa odio soluta. Natus in fugiat voluptatum et veritatis. Quia quis et omnis dicta sed.','0','0','1996-02-03 22:22:32'),
('90','90','90','90','Ipsam fuga officia non est inventore aut. Sapiente id et aut. Accusantium optio enim nulla consequatur corporis debitis expedita. Quo culpa et quasi vitae laborum totam.','1','0','2011-12-27 19:14:34'),
('91','91','91','91','Est molestiae at quo et aut incidunt pariatur. Unde corporis soluta debitis. Molestiae alias veniam et. Autem et temporibus eum quis aut magnam esse veritatis.','0','1','2012-10-14 07:55:30'),
('92','92','92','92','Quia optio velit asperiores. Cumque debitis voluptatem vero voluptatem porro eum cum qui. Dicta alias aut quas doloribus aspernatur explicabo. Et ut deserunt distinctio omnis.','0','1','2019-12-02 10:44:19'),
('93','93','93','93','Aut qui est optio atque sed. Sequi veniam et consequatur fuga vel sit in. Velit eum enim voluptatibus sit deserunt dolores. Ipsa quo ad est. Et consequatur cupiditate sunt.','0','1','2005-04-28 00:22:27'),
('94','94','94','94','Sunt maiores quod quidem quisquam. Incidunt tempora velit et inventore. Ut reiciendis ullam saepe maiores ut itaque.','0','1','2019-04-29 22:19:09'),
('95','95','95','95','Eum repellat explicabo nihil optio impedit. Architecto voluptatem amet odit voluptas aliquam quia unde.','1','1','2012-10-27 18:06:59'),
('96','96','96','96','Ad dolor rerum illo neque odit aliquid. Sit vel blanditiis officiis earum voluptas voluptatem in. Quod et dolore ut voluptatem perferendis quae. Blanditiis in est laboriosam ex.','0','0','1991-07-09 22:10:11'),
('97','97','97','97','Voluptatum vel repellat qui est qui ea nulla dicta. Unde ipsum sit atque adipisci. Enim dolorem rerum fugit veritatis dignissimos molestiae illum. Ad facilis omnis ipsa excepturi debitis voluptatem.','0','0','1970-06-30 12:46:34'),
('98','98','98','98','Dolor omnis vel impedit quo pariatur nemo quia. Rerum laborum occaecati dolorem beatae blanditiis. Deleniti est aut ducimus sit nihil eveniet minus.','0','1','1978-03-15 11:49:30'),
('99','99','99','99','Harum non quis incidunt unde. Id maiores pariatur asperiores dignissimos molestiae aperiam illo. Porro possimus consequatur illum aut deserunt est eum. Ut omnis error officia nihil iusto et. Quo cum nesciunt tenetur perspiciatis quod.','1','0','2016-09-25 03:07:17'),
('100','100','100','100','Dolor ratione dolorem odio id. Eum non corporis sequi. Modi nemo ut consequatur nobis expedita. Itaque vitae quaerat odit sapiente aut.','1','1','2013-05-24 19:33:42'); 


DROP TABLE IF EXISTS `profiles`;
CREATE TABLE `profiles` (
  `user_id` int(10) unsigned NOT NULL,
  `gender` char(1) COLLATE utf8_unicode_ci NOT NULL,
  `birthday` date DEFAULT NULL,
  `city` varchar(100) COLLATE utf8_unicode_ci DEFAULT NULL,
  `country` varchar(100) COLLATE utf8_unicode_ci DEFAULT NULL,
  PRIMARY KEY (`user_id`)
) ENGINE=InnoDB DEFAULT CHARSET=utf8 COLLATE=utf8_unicode_ci;

INSERT INTO `profiles` VALUES ('1','','1974-10-12','Kihnmouth','4793497'),
('2','','2001-03-15','East Cynthiafurt','94'),
('3','','1972-04-09','Port Baron','66243744'),
('4','','1985-11-23','East Mitchelberg','99'),
('5','','1981-03-30','West Pierre','85'),
('6','','2018-03-30','East Dayneton',''),
('7','','1985-08-06','South Kailey','891623'),
('8','','2001-03-23','Windlerburgh','66'),
('9','','2000-04-20','South Sheldon','956701'),
('10','','1992-08-03','Chayachester','48'),
('11','','2018-04-19','New Ike','86782345'),
('12','','2014-02-02','Whitetown','399002242'),
('13','','1994-09-15','Spencerfort','425'),
('14','','1983-04-20','Richmondfort','8059'),
('15','','2006-05-13','South Koryside','141'),
('16','','1990-07-27','Jackelinechester','883'),
('17','','2011-12-14','Trompbury','50'),
('18','','1994-07-16','O\'Haraland','6910'),
('19','','1984-02-04','Sedrickside','43504'),
('20','','2013-02-05','Stokesfurt','17958976'),
('21','','2001-12-17','North Juwan','8'),
('22','','2014-02-20','Trompport','503630'),
('23','','1978-10-28','Madiechester','176'),
('24','','2007-06-15','West Ebony',''),
('25','','2011-06-15','Halleside','7508047'),
('26','','2016-08-16','Lake Delbertstad','176170'),
('27','','2003-07-15','Willland','7344181'),
('28','','1994-08-22','West Lee','98049'),
('29','','1992-12-27','Langoshbury','6'),
('30','','1985-06-02','Bulahmouth','245524242'),
('31','','2008-10-12','Watsicamouth','4'),
('32','','1991-05-19','Schmittview','744'),
('33','','2018-04-20','New Emiliabury',''),
('34','','2009-10-20','Susanaview','2'),
('35','','2014-03-23','East Dinahaven','861469'),
('36','','2010-02-12','New Elinore','864'),
('37','','2011-09-11','Lake Emmieton','605339820'),
('38','','1987-01-29','East Janessaview','8'),
('39','','1988-10-13','Binsborough','461425'),
('40','','1979-03-05','Antoinetteborough','8144'),
('41','','2015-09-21','Giuseppefurt','6657'),
('42','','2000-02-24','Port Gisselleview','7878'),
('43','','1994-10-08','Port Urbanburgh','1'),
('44','','2018-01-23','Alexanderfort','26209612'),
('45','','2009-02-21','McClureview','899476175'),
('46','','2006-02-18','East Yasmeen','296853021'),
('47','','1987-06-19','Elsestad','232882205'),
('48','','1982-07-12','Derickshire','26'),
('49','','1994-10-31','Kyleeport','4810'),
('50','','2005-06-05','Lake Buddychester','4454121'),
('51','','1999-04-05','Port Lorenzo','416'),
('52','','1997-09-11','Kuhlmanchester','1248962'),
('53','','1984-04-03','Phoebehaven','5'),
('54','','2002-02-10','Claudineton','22768990'),
('55','','2014-11-29','Treutelburgh','50891'),
('56','','1998-02-24','Greenfelderburgh','2'),
('57','','2018-12-10','New Melvin','67533224'),
('58','','1994-10-20','Lake Mariane','850234650'),
('59','','1994-03-12','Hilllberg','7340225'),
('60','','2008-11-22','Port Rosalyn','3'),
('61','','1994-09-08','Donnellfort','6130'),
('62','','1987-01-23','Aliburgh','93094'),
('63','','1993-09-25','Hoppeshire','92'),
('64','','1986-09-24','New Kevinmouth','87471612'),
('65','','2000-11-13','West Cesartown','45633'),
('66','','2001-10-27','East Jovani','4805'),
('67','','2008-03-26','West Geomouth','19'),
('68','','2009-03-11','Maraside','7818'),
('69','','1998-05-27','North Sabrynamouth','840991'),
('70','','1970-08-20','Grantburgh','471800188'),
('71','','1979-08-09','South Dora','264'),
('72','','1971-06-21','Donnieberg','166193'),
('73','','1986-05-13','Bettyhaven','35069578'),
('74','','1993-05-20','North Alanna','3'),
('75','','2015-10-28','Jaylantown','660434'),
('76','','1971-07-25','Krajcikmouth','382538'),
('77','','2011-04-22','Kunzeshire','926'),
('78','','1999-03-04','Port Yvetteton','60'),
('79','','1971-02-09','Arvelport','1396509'),
('80','','2010-10-30','North Allietown','93675430'),
('81','','1981-12-17','West Amyton','598935717'),
('82','','2005-05-05','South Aylatown','1'),
('83','','2016-11-10','Kshlerinbury',''),
('84','','1981-03-06','North Joanie','452'),
('85','','1978-01-01','Tabithabury','394012'),
('86','','2019-05-08','North Ruben','8972714'),
('87','','2010-02-24','Janetmouth','98945'),
('88','','1972-05-08','Jamaaltown','6550090'),
('89','','1977-05-26','Kieraview','61011'),
('90','','1970-08-08','North Renee','4'),
('91','','1999-04-16','Hilpertfort','314174'),
('92','','2009-05-07','Ransomstad',''),
('93','','2008-09-21','Port Treverland','626788410'),
('94','','1970-02-17','West Deborah','648169506'),
('95','','2012-03-06','South Hershelhaven',''),
('96','','1990-05-21','Lake Estherport',''),
('97','','1989-07-29','Lowemouth','31159295'),
('98','','1971-01-07','Tiaraborough','260515274'),
('99','','2012-03-30','East Leviton','4'),
('100','','1987-09-14','Christashire','6467'); 


DROP TABLE IF EXISTS `users`;
CREATE TABLE `users` (
  `id` int(10) unsigned NOT NULL AUTO_INCREMENT,
  `first_name` varchar(100) COLLATE utf8_unicode_ci NOT NULL,
  `last_name` varchar(100) COLLATE utf8_unicode_ci NOT NULL,
  `email` varchar(120) COLLATE utf8_unicode_ci NOT NULL,
  `phone` varchar(120) COLLATE utf8_unicode_ci NOT NULL,
  `created_at` datetime DEFAULT current_timestamp(),
  `updated_at` datetime DEFAULT current_timestamp() ON UPDATE current_timestamp(),
  PRIMARY KEY (`id`),
  UNIQUE KEY `email` (`email`),
  UNIQUE KEY `phone` (`phone`)
) ENGINE=InnoDB AUTO_INCREMENT=101 DEFAULT CHARSET=utf8 COLLATE=utf8_unicode_ci;

INSERT INTO `users` VALUES ('1','Casimir','Metz','danyka.mraz@example.com','962.578.0948x15624','1975-06-21 10:58:51','1980-04-28 08:17:35'),
('2','Reese','Dach','ymann@example.org','444-250-5892x7614','1993-08-10 19:32:05','1983-09-03 06:46:32'),
('3','Brianne','Bernier','nboyer@example.org','094-077-4139x7084','1977-05-31 01:49:30','1987-07-08 01:49:23'),
('4','Ilene','Mitchell','angelina65@example.net','(496)379-9739x1282','1996-05-15 03:55:06','2015-02-07 00:57:48'),
('5','Rocky','Torphy','carson39@example.com','1-922-288-6840','1993-02-01 09:57:18','1985-12-16 00:43:04'),
('6','Hershel','Deckow','cristian08@example.com','340.625.1191','1992-11-02 18:58:45','2012-12-28 15:54:12'),
('7','Treva','Christiansen','corkery.vernice@example.org','1-228-598-7318','2019-04-16 09:04:55','1981-04-01 23:17:59'),
('8','Chloe','Mann','schroeder.gust@example.org','948.807.4356x1411','2016-05-30 19:31:03','1986-05-11 13:18:25'),
('9','Allene','Raynor','edward.gislason@example.com','+61(9)7747510014','1998-10-06 07:39:39','1980-05-27 13:38:50'),
('10','Harmony','Krajcik','mkilback@example.net','552-794-3674x4175','2001-10-23 13:10:58','2004-03-14 21:34:09'),
('11','Alec','Purdy','bernier.rosalind@example.net','856-423-8475x296','2009-04-22 09:25:47','1989-09-13 01:49:18'),
('12','Marcia','Sporer','padberg.dorcas@example.org','1-258-736-5223','1971-12-11 14:47:01','1972-05-20 01:19:28'),
('13','Cathy','Marvin','bonita14@example.com','1-209-341-7676x851','1978-04-02 16:35:04','1982-04-17 01:48:04'),
('14','Brenda','Graham','luz.kuhlman@example.com','204.912.3463x8442','2009-12-27 05:08:19','2002-05-10 17:27:30'),
('15','Geo','Rosenbaum','emmett41@example.com','(130)211-9246x95056','1975-09-13 06:42:15','2001-02-27 06:31:25'),
('16','Alfreda','Anderson','batz.trycia@example.net','616.202.3482x89027','1995-05-21 04:56:30','1971-02-08 00:30:01'),
('17','Axel','Prohaska','tupton@example.org','538.466.5288x6217','1974-12-29 17:38:01','1978-03-10 17:10:46'),
('18','Linnie','Harber','white.kenton@example.com','(633)324-2426','1999-06-16 16:25:14','2004-12-30 01:19:15'),
('19','Jadyn','Krajcik','jmueller@example.net','876-326-3228x586','1999-08-09 16:26:29','2014-06-08 12:42:10'),
('20','Marquis','Simonis','pklocko@example.org','+47(7)5950218982','2004-10-15 21:29:54','1985-04-02 16:41:19'),
('21','Frederik','Bechtelar','bframi@example.com','1-765-623-7322','1989-08-14 08:06:10','2019-12-27 22:29:49'),
('22','Etha','Nienow','anais.daugherty@example.org','687-182-1008x16887','2010-08-30 23:44:16','2019-06-22 14:16:28'),
('23','Korey','DuBuque','solon.kiehn@example.net','(453)103-7470x10580','1990-06-03 15:48:26','1978-07-28 12:34:19'),
('24','Evan','Ondricka','dallin38@example.com','04676460685','2016-10-13 03:22:06','1981-05-22 16:55:36'),
('25','Joelle','Rempel','harrison.crist@example.net','1-016-847-0907x71462','2004-10-11 19:17:29','2005-11-19 02:13:06'),
('26','Mckenna','Bartell','ufadel@example.org','744.208.5498x184','1998-02-24 22:43:33','1975-02-22 17:30:42'),
('27','Lucius','Little','bednar.barton@example.org','(317)189-8049','2007-12-13 16:03:32','1983-03-31 23:27:56'),
('28','Jamel','Bailey','avery44@example.net','+47(9)1856484512','1984-07-23 10:15:33','1988-08-31 11:21:05'),
('29','Camille','Rempel','judson.stoltenberg@example.net','1-218-241-3930','1974-09-19 17:33:51','1986-11-04 01:07:31'),
('30','Elvis','Zboncak','kaelyn.predovic@example.org','952.451.4964','1989-05-08 07:11:29','2007-02-19 02:01:03'),
('31','Lucile','Metz','jruecker@example.org','1-513-931-7953','2005-01-16 18:23:14','1983-06-05 07:30:10'),
('32','Sabina','Weissnat','maudie.marks@example.com','957.048.6005x87713','2017-12-18 07:18:57','1975-05-31 15:10:21'),
('33','Colleen','Gleichner','junius.stark@example.net','146-360-7004x64864','1994-01-28 07:57:52','2013-10-26 14:50:01'),
('34','Clovis','Hilpert','jo\'conner@example.com','196.343.8258x44611','2008-02-22 20:01:07','2015-12-14 23:47:25'),
('35','Viola','Cummerata','schuppe.anastasia@example.org','1-133-614-4228','1979-05-21 05:53:09','2002-06-16 11:04:57'),
('36','Vallie','Doyle','mosciski.amos@example.org','+96(3)9876634143','1996-03-30 22:51:49','1977-09-18 21:46:25'),
('37','Noemi','Beahan','xbalistreri@example.com','711.344.1393x423','1997-12-25 09:29:23','2001-12-23 19:04:23'),
('38','Laurel','Roob','hilda74@example.net','280-016-1415','1985-09-23 04:02:44','2002-10-13 10:59:35'),
('39','Clint','Cronin','demetrius07@example.org','+60(1)7417430462','1985-01-29 03:21:13','1974-10-10 16:55:00'),
('40','Dell','Anderson','qpacocha@example.net','322-979-3050x389','1978-12-03 18:34:28','2001-03-06 16:31:33'),
('41','Emelie','Lehner','blanche05@example.org','(675)435-8136x3400','1981-08-21 05:50:26','2010-10-09 00:52:53'),
('42','Kaden','Kuvalis','fgibson@example.net','1-372-202-6861x23395','2007-12-13 13:41:44','1994-11-22 05:51:09'),
('43','Jenifer','Morissette','rmayert@example.net','860-119-6978x8522','2000-10-02 10:24:37','1980-12-05 23:30:37'),
('44','Hildegard','Swift','allene.hoeger@example.com','972.546.8488','2008-11-04 01:42:50','2002-12-20 06:55:50'),
('45','Coby','O\'Kon','clemmie90@example.com','08040415153','2011-11-06 01:19:47','1985-10-22 21:12:41'),
('46','America','Krajcik','rempel.mya@example.net','168-973-0523x36429','1996-09-12 16:57:26','2015-09-29 20:58:13'),
('47','Coby','Ruecker','mclaughlin.isom@example.net','556.557.3226','2016-09-04 12:35:14','2015-04-27 21:27:46'),
('48','Daphney','Bernier','dell00@example.org','174-540-9969','2006-11-09 11:55:53','1996-06-02 15:48:57'),
('49','Anabel','Lebsack','fbartell@example.org','1-390-633-6805x8318','2001-03-08 07:45:15','1988-04-19 07:36:48'),
('50','Ulises','Purdy','cummings.kavon@example.org','893.312.1008','1984-03-19 04:32:57','2011-12-04 19:58:37'),
('51','Velva','Tillman','langworth.corene@example.com','107.397.9114x490','1987-07-10 16:19:09','1982-06-13 04:13:48'),
('52','Coy','Olson','hbrown@example.com','794-970-7832x015','2001-04-24 17:08:49','2019-02-25 19:47:04'),
('53','Josiane','Lubowitz','isai.kuhn@example.net','649-158-0265','1971-01-30 11:38:35','1998-01-27 08:02:20'),
('54','Amie','O\'Keefe','ewell.yost@example.net','396.626.8810','1993-07-05 05:31:13','1987-07-10 11:55:28'),
('55','Jasen','Howell','magdalena.kub@example.net','818.314.8057x4245','1980-09-15 14:43:53','1970-11-10 16:55:44'),
('56','Wellington','Hyatt','frida66@example.net','255-449-0040x250','1983-02-10 19:55:08','1975-09-20 21:21:38'),
('57','Malachi','Kihn','fabian.king@example.org','1-622-516-3963x4629','2019-06-07 12:22:19','1998-04-05 13:30:53'),
('58','Nya','Boyer','manley.stehr@example.org','+29(8)0502012368','1992-04-14 13:19:27','2002-04-24 03:55:03'),
('59','Amely','Legros','vivien17@example.net','+34(5)8987352993','1995-11-28 04:44:14','1988-05-14 11:07:53'),
('60','Cierra','Kihn','ruecker.craig@example.org','424-534-2449','2002-09-25 10:21:50','2018-04-04 02:04:21'),
('61','Vida','Adams','bartoletti.ariane@example.net','791.331.0338x817','2003-07-20 14:02:23','2016-09-12 19:19:00'),
('62','Lelah','Lynch','francesco.hyatt@example.org','02833106694','1989-02-02 12:43:47','1970-03-08 08:09:13'),
('63','Moshe','Waelchi','delaney59@example.org','1-514-897-2361','2008-07-28 18:22:57','2007-08-10 20:52:09'),
('64','Eliza','Ryan','donato16@example.org','05344696442','1991-12-04 00:08:12','1983-11-03 02:36:05'),
('65','Margret','Kozey','kariane79@example.net','446-141-5196x53531','2000-04-04 22:17:42','1987-06-09 20:38:17'),
('66','Lauryn','Quigley','konopelski.rylan@example.org','(273)321-3493x0581','1994-03-26 23:52:05','1970-02-12 19:03:04'),
('67','Walker','Kemmer','carlie33@example.com','710-479-8599x73083','2008-03-20 09:28:29','1997-02-09 17:21:41'),
('68','Theodora','Willms','jast.sadye@example.org','00259367831','2017-07-03 15:23:30','2012-09-24 15:56:13'),
('69','Jess','Rowe','schowalter.guadalupe@example.org','050-234-0203x237','1985-06-22 13:02:17','1975-10-14 08:30:11'),
('70','Gaston','Schultz','emclaughlin@example.org','1-417-798-4045x64926','2003-10-20 21:10:27','1977-04-21 20:56:53'),
('71','Reggie','Anderson','george.jacobs@example.com','896-685-1771','1996-06-15 03:40:15','1991-10-19 17:19:06'),
('72','Domenico','Kuphal','ricardo76@example.com','08323377234','2015-08-03 23:36:46','2019-07-03 11:56:32'),
('73','Jettie','Huels','kessler.hayden@example.net','1-008-931-2688x36773','2010-01-22 03:18:33','1974-01-12 21:04:46'),
('74','Ramon','Stiedemann','ywaelchi@example.com','667-351-2988x9256','2019-12-03 12:58:38','1998-07-04 00:47:00'),
('75','Brooks','Buckridge','romaguera.georgette@example.net','+73(6)5843777453','1989-06-05 16:05:25','2002-11-06 19:15:39'),
('76','Cydney','Volkman','little.audie@example.org','1-768-742-1264x407','2004-08-01 06:58:54','2016-10-11 09:35:19'),
('77','Caterina','Ritchie','cleora20@example.org','04305646197','2015-06-18 03:19:16','2008-04-24 19:07:46'),
('78','Afton','Brakus','eryn61@example.org','(048)421-2782','1981-01-12 02:56:28','2011-03-21 11:08:16'),
('79','Aidan','Shanahan','francesca.sipes@example.net','1-494-652-2940','1991-12-26 20:12:11','1981-03-13 02:35:54'),
('80','Clementine','Schaden','gretchen.kuhlman@example.com','036-607-3705','2004-08-06 22:58:32','1975-11-14 16:53:21'),
('81','Elsa','Hackett','becker.mylene@example.com','659-235-7221x645','1970-01-20 22:03:25','1971-10-12 13:42:23'),
('82','Jerry','Pouros','ybarton@example.com','1-224-881-8191x25190','1991-07-29 06:25:53','2011-11-17 19:58:29'),
('83','Alexandrine','Reichert','moen.rubye@example.org','947.273.1330x20807','2015-08-14 20:41:43','2009-09-20 15:01:50'),
('84','Orrin','Beatty','kirlin.jailyn@example.com','(211)035-6647x4170','1984-08-11 16:09:55','1970-06-27 07:21:27'),
('85','Cecilia','Jast','terry.conrad@example.net','(245)828-6169x8399','1990-10-13 18:38:01','1970-07-04 10:18:34'),
('86','Orin','Brown','griffin01@example.com','326-994-8933x18716','1986-12-08 14:20:40','2008-09-26 04:53:18'),
('87','Susana','Miller','brycen05@example.org','(000)623-0304x377','1976-05-27 13:13:20','1987-07-09 22:56:44'),
('88','Katelin','Aufderhar','ucremin@example.com','817-714-3232','1977-10-19 17:40:44','1980-05-02 07:01:37'),
('89','Geoffrey','Frami','ilene.hand@example.com','883-929-8721','2019-05-16 23:32:25','2015-02-12 19:51:29'),
('90','Anjali','Wolff','zcarter@example.net','711.403.1876x37815','1973-05-13 20:13:02','1987-04-25 00:35:32'),
('91','Jaylan','Smitham','tschneider@example.com','966.423.9536x0769','2008-02-01 21:28:26','1987-08-02 04:15:24'),
('92','Verlie','King','bfay@example.org','+07(3)1386143869','1979-06-17 21:59:21','2015-05-18 12:31:27'),
('93','Aisha','Kuphal','claude34@example.com','1-442-225-0146x01917','2005-05-14 15:23:53','1973-04-21 01:26:44'),
('94','Dee','Runolfsdottir','lavern.parker@example.org','582-452-5548','1973-01-16 15:28:35','2011-04-02 11:05:37'),
('95','Zack','Hyatt','johann90@example.org','573.790.8873x6433','1971-12-01 22:23:17','1982-03-29 11:51:21'),
('96','Jammie','Kiehn','korbin58@example.com','816.286.8867x6568','1990-07-02 00:21:13','2003-05-13 01:57:11'),
('97','Hortense','Torphy','milford19@example.net','(103)751-9295','1977-06-20 16:02:27','2015-06-20 07:09:52'),
('98','Malinda','Treutel','jenkins.curt@example.com','+58(2)7763679196','1982-09-23 13:42:56','2019-02-12 11:29:58'),
('99','Pearlie','Bernier','buford.littel@example.com','483.312.2601x92437','1970-02-19 13:03:32','1974-11-19 05:58:46'),
('100','Marlon','Spencer','ferne68@example.com','(495)760-8022','1976-12-11 17:49:59','1992-06-29 12:56:51'); 




/*!40101 SET SQL_MODE=@OLD_SQL_MODE */;
/*!40014 SET FOREIGN_KEY_CHECKS=@OLD_FOREIGN_KEY_CHECKS */;
/*!40014 SET UNIQUE_CHECKS=@OLD_UNIQUE_CHECKS */;
/*!40101 SET CHARACTER_SET_CLIENT=@OLD_CHARACTER_SET_CLIENT */;
/*!40101 SET CHARACTER_SET_RESULTS=@OLD_CHARACTER_SET_RESULTS */;
/*!40101 SET COLLATION_CONNECTION=@OLD_COLLATION_CONNECTION */;
/*!40111 SET SQL_NOTES=@OLD_SQL_NOTES */;

